id,article,question,option,answer,label
syn_0,The Amazon rainforest is the world's largest tropical rainforest covering most of the Amazon basin. It represents over half of the planet's remaining rainforests and is home to three million species. Deforestation remains a critical threat driven by cattle ranching and agriculture.,What is the main threat to the Amazon rainforest?,Deforestation,A,1
syn_1,The human brain weighs about 1.4 kilograms and contains approximately 86 billion neurons. The cerebrum controls thinking memory and voluntary movement. The cerebellum coordinates balance. Scientists continue discovering new facts about brain information processing.,What does the cerebrum control?,Breathing and digestion,B,0
syn_2,Solar energy converts sunlight into electrical energy using photovoltaic cells in solar panels. It is the cleanest most abundant renewable energy source. Solar costs have dropped dramatically over the past decade making it accessible worldwide.,What converts sunlight into electricity in solar panels?,Wind turbines,C,0
syn_3,The Great Wall of China stretches over 21196 kilometers across northern China. It was built to protect Chinese states from northern invasions beginning as early as the 7th century BC. It remains one of the greatest architectural feats in history.,How long is the Great Wall of China?,5000 kilometers,D,0
syn_4,Photosynthesis is the process by which plants use sunlight water and carbon dioxide to produce oxygen and sugar. It takes place in chloroplasts inside plant leaves. Chlorophyll absorbs sunlight and is fundamental to all life on Earth.,Where does photosynthesis primarily take place?,In chloroplasts inside leaves,A,1
syn_5,The Amazon rainforest is the world's largest tropical rainforest covering most of the Amazon basin. It represents over half of the planet's remaining rainforests and is home to three million species. Deforestation remains a critical threat driven by cattle ranching and agriculture.,What is the main threat to the Amazon rainforest?,Flooding,B,0
syn_6,The human brain weighs about 1.4 kilograms and contains approximately 86 billion neurons. The cerebrum controls thinking memory and voluntary movement. The cerebellum coordinates balance. Scientists continue discovering new facts about brain information processing.,What does the cerebrum control?,Breathing and digestion,C,0
syn_7,Solar energy converts sunlight into electrical energy using photovoltaic cells in solar panels. It is the cleanest most abundant renewable energy source. Solar costs have dropped dramatically over the past decade making it accessible worldwide.,What converts sunlight into electricity in solar panels?,Wind turbines,D,0
syn_8,The Great Wall of China stretches over 21196 kilometers across northern China. It was built to protect Chinese states from northern invasions beginning as early as the 7th century BC. It remains one of the greatest architectural feats in history.,How long is the Great Wall of China?,21196 kilometers,A,1
syn_9,Photosynthesis is the process by which plants use sunlight water and carbon dioxide to produce oxygen and sugar. It takes place in chloroplasts inside plant leaves. Chlorophyll absorbs sunlight and is fundamental to all life on Earth.,Where does photosynthesis primarily take place?,In the roots,B,0
syn_10,The Amazon rainforest is the world's largest tropical rainforest covering most of the Amazon basin. It represents over half of the planet's remaining rainforests and is home to three million species. Deforestation remains a critical threat driven by cattle ranching and agriculture.,What is the main threat to the Amazon rainforest?,Flooding,C,0
syn_11,The human brain weighs about 1.4 kilograms and contains approximately 86 billion neurons. The cerebrum controls thinking memory and voluntary movement. The cerebellum coordinates balance. Scientists continue discovering new facts about brain information processing.,What does the cerebrum control?,Breathing and digestion,D,0
syn_12,Solar energy converts sunlight into electrical energy using photovoltaic cells in solar panels. It is the cleanest most abundant renewable energy source. Solar costs have dropped dramatically over the past decade making it accessible worldwide.,What converts sunlight into electricity in solar panels?,Photovoltaic cells,A,1
syn_13,The Great Wall of China stretches over 21196 kilometers across northern China. It was built to protect Chinese states from northern invasions beginning as early as the 7th century BC. It remains one of the greatest architectural feats in history.,How long is the Great Wall of China?,5000 kilometers,B,0
syn_14,Photosynthesis is the process by which plants use sunlight water and carbon dioxide to produce oxygen and sugar. It takes place in chloroplasts inside plant leaves. Chlorophyll absorbs sunlight and is fundamental to all life on Earth.,Where does photosynthesis primarily take place?,In the roots,C,0
syn_15,The Amazon rainforest is the world's largest tropical rainforest covering most of the Amazon basin. It represents over half of the planet's remaining rainforests and is home to three million species. Deforestation remains a critical threat driven by cattle ranching and agriculture.,What is the main threat to the Amazon rainforest?,Flooding,D,0
syn_16,The human brain weighs about 1.4 kilograms and contains approximately 86 billion neurons. The cerebrum controls thinking memory and voluntary movement. The cerebellum coordinates balance. Scientists continue discovering new facts about brain information processing.,What does the cerebrum control?,Thinking memory and voluntary movement,A,1
syn_17,Solar energy converts sunlight into electrical energy using photovoltaic cells in solar panels. It is the cleanest most abundant renewable energy source. Solar costs have dropped dramatically over the past decade making it accessible worldwide.,What converts sunlight into electricity in solar panels?,Wind turbines,B,0
syn_18,The Great Wall of China stretches over 21196 kilometers across northern China. It was built to protect Chinese states from northern invasions beginning as early as the 7th century BC. It remains one of the greatest architectural feats in history.,How long is the Great Wall of China?,5000 kilometers,C,0
syn_19,Photosynthesis is the process by which plants use sunlight water and carbon dioxide to produce oxygen and sugar. It takes place in chloroplasts inside plant leaves. Chlorophyll absorbs sunlight and is fundamental to all life on Earth.,Where does photosynthesis primarily take place?,In the roots,D,0
syn_20,The Amazon rainforest is the world's largest tropical rainforest covering most of the Amazon basin. It represents over half of the planet's remaining rainforests and is home to three million species. Deforestation remains a critical threat driven by cattle ranching and agriculture.,What is the main threat to the Amazon rainforest?,Deforestation,A,1
syn_21,The human brain weighs about 1.4 kilograms and contains approximately 86 billion neurons. The cerebrum controls thinking memory and voluntary movement. The cerebellum coordinates balance. Scientists continue discovering new facts about brain information processing.,What does the cerebrum control?,Breathing and digestion,B,0
syn_22,Solar energy converts sunlight into electrical energy using photovoltaic cells in solar panels. It is the cleanest most abundant renewable energy source. Solar costs have dropped dramatically over the past decade making it accessible worldwide.,What converts sunlight into electricity in solar panels?,Wind turbines,C,0
syn_23,The Great Wall of China stretches over 21196 kilometers across northern China. It was built to protect Chinese states from northern invasions beginning as early as the 7th century BC. It remains one of the greatest architectural feats in history.,How long is the Great Wall of China?,5000 kilometers,D,0
syn_24,Photosynthesis is the process by which plants use sunlight water and carbon dioxide to produce oxygen and sugar. It takes place in chloroplasts inside plant leaves. Chlorophyll absorbs sunlight and is fundamental to all life on Earth.,Where does photosynthesis primarily take place?,In chloroplasts inside leaves,A,1
syn_25,The Amazon rainforest is the world's largest tropical rainforest covering most of the Amazon basin. It represents over half of the planet's remaining rainforests and is home to three million species. Deforestation remains a critical threat driven by cattle ranching and agriculture.,What is the main threat to the Amazon rainforest?,Flooding,B,0
syn_26,The human brain weighs about 1.4 kilograms and contains approximately 86 billion neurons. The cerebrum controls thinking memory and voluntary movement. The cerebellum coordinates balance. Scientists continue discovering new facts about brain information processing.,What does the cerebrum control?,Breathing and digestion,C,0
syn_27,Solar energy converts sunlight into electrical energy using photovoltaic cells in solar panels. It is the cleanest most abundant renewable energy source. Solar costs have dropped dramatically over the past decade making it accessible worldwide.,What converts sunlight into electricity in solar panels?,Wind turbines,D,0
syn_28,The Great Wall of China stretches over 21196 kilometers across northern China. It was built to protect Chinese states from northern invasions beginning as early as the 7th century BC. It remains one of the greatest architectural feats in history.,How long is the Great Wall of China?,21196 kilometers,A,1
syn_29,Photosynthesis is the process by which plants use sunlight water and carbon dioxide to produce oxygen and sugar. It takes place in chloroplasts inside plant leaves. Chlorophyll absorbs sunlight and is fundamental to all life on Earth.,Where does photosynthesis primarily take place?,In the roots,B,0
syn_30,The Amazon rainforest is the world's largest tropical rainforest covering most of the Amazon basin. It represents over half of the planet's remaining rainforests and is home to three million species. Deforestation remains a critical threat driven by cattle ranching and agriculture.,What is the main threat to the Amazon rainforest?,Flooding,C,0
syn_31,The human brain weighs about 1.4 kilograms and contains approximately 86 billion neurons. The cerebrum controls thinking memory and voluntary movement. The cerebellum coordinates balance. Scientists continue discovering new facts about brain information processing.,What does the cerebrum control?,Breathing and digestion,D,0
syn_32,Solar energy converts sunlight into electrical energy using photovoltaic cells in solar panels. It is the cleanest most abundant renewable energy source. Solar costs have dropped dramatically over the past decade making it accessible worldwide.,What converts sunlight into electricity in solar panels?,Photovoltaic cells,A,1
syn_33,The Great Wall of China stretches over 21196 kilometers across northern China. It was built to protect Chinese states from northern invasions beginning as early as the 7th century BC. It remains one of the greatest architectural feats in history.,How long is the Great Wall of China?,5000 kilometers,B,0
syn_34,Photosynthesis is the process by which plants use sunlight water and carbon dioxide to produce oxygen and sugar. It takes place in chloroplasts inside plant leaves. Chlorophyll absorbs sunlight and is fundamental to all life on Earth.,Where does photosynthesis primarily take place?,In the roots,C,0
syn_35,The Amazon rainforest is the world's largest tropical rainforest covering most of the Amazon basin. It represents over half of the planet's remaining rainforests and is home to three million species. Deforestation remains a critical threat driven by cattle ranching and agriculture.,What is the main threat to the Amazon rainforest?,Flooding,D,0
syn_36,The human brain weighs about 1.4 kilograms and contains approximately 86 billion neurons. The cerebrum controls thinking memory and voluntary movement. The cerebellum coordinates balance. Scientists continue discovering new facts about brain information processing.,What does the cerebrum control?,Thinking memory and voluntary movement,A,1
syn_37,Solar energy converts sunlight into electrical energy using photovoltaic cells in solar panels. It is the cleanest most abundant renewable energy source. Solar costs have dropped dramatically over the past decade making it accessible worldwide.,What converts sunlight into electricity in solar panels?,Wind turbines,B,0
syn_38,The Great Wall of China stretches over 21196 kilometers across northern China. It was built to protect Chinese states from northern invasions beginning as early as the 7th century BC. It remains one of the greatest architectural feats in history.,How long is the Great Wall of China?,5000 kilometers,C,0
syn_39,Photosynthesis is the process by which plants use sunlight water and carbon dioxide to produce oxygen and sugar. It takes place in chloroplasts inside plant leaves. Chlorophyll absorbs sunlight and is fundamental to all life on Earth.,Where does photosynthesis primarily take place?,In the roots,D,0
syn_40,The Amazon rainforest is the world's largest tropical rainforest covering most of the Amazon basin. It represents over half of the planet's remaining rainforests and is home to three million species. Deforestation remains a critical threat driven by cattle ranching and agriculture.,What is the main threat to the Amazon rainforest?,Deforestation,A,1
syn_41,The human brain weighs about 1.4 kilograms and contains approximately 86 billion neurons. The cerebrum controls thinking memory and voluntary movement. The cerebellum coordinates balance. Scientists continue discovering new facts about brain information processing.,What does the cerebrum control?,Breathing and digestion,B,0
syn_42,Solar energy converts sunlight into electrical energy using photovoltaic cells in solar panels. It is the cleanest most abundant renewable energy source. Solar costs have dropped dramatically over the past decade making it accessible worldwide.,What converts sunlight into electricity in solar panels?,Wind turbines,C,0
syn_43,The Great Wall of China stretches over 21196 kilometers across northern China. It was built to protect Chinese states from northern invasions beginning as early as the 7th century BC. It remains one of the greatest architectural feats in history.,How long is the Great Wall of China?,5000 kilometers,D,0
syn_44,Photosynthesis is the process by which plants use sunlight water and carbon dioxide to produce oxygen and sugar. It takes place in chloroplasts inside plant leaves. Chlorophyll absorbs sunlight and is fundamental to all life on Earth.,Where does photosynthesis primarily take place?,In chloroplasts inside leaves,A,1
syn_45,The Amazon rainforest is the world's largest tropical rainforest covering most of the Amazon basin. It represents over half of the planet's remaining rainforests and is home to three million species. Deforestation remains a critical threat driven by cattle ranching and agriculture.,What is the main threat to the Amazon rainforest?,Flooding,B,0
syn_46,The human brain weighs about 1.4 kilograms and contains approximately 86 billion neurons. The cerebrum controls thinking memory and voluntary movement. The cerebellum coordinates balance. Scientists continue discovering new facts about brain information processing.,What does the cerebrum control?,Breathing and digestion,C,0
syn_47,Solar energy converts sunlight into electrical energy using photovoltaic cells in solar panels. It is the cleanest most abundant renewable energy source. Solar costs have dropped dramatically over the past decade making it accessible worldwide.,What converts sunlight into electricity in solar panels?,Wind turbines,D,0
syn_48,The Great Wall of China stretches over 21196 kilometers across northern China. It was built to protect Chinese states from northern invasions beginning as early as the 7th century BC. It remains one of the greatest architectural feats in history.,How long is the Great Wall of China?,21196 kilometers,A,1
syn_49,Photosynthesis is the process by which plants use sunlight water and carbon dioxide to produce oxygen and sugar. It takes place in chloroplasts inside plant leaves. Chlorophyll absorbs sunlight and is fundamental to all life on Earth.,Where does photosynthesis primarily take place?,In the roots,B,0
syn_50,The Amazon rainforest is the world's largest tropical rainforest covering most of the Amazon basin. It represents over half of the planet's remaining rainforests and is home to three million species. Deforestation remains a critical threat driven by cattle ranching and agriculture.,What is the main threat to the Amazon rainforest?,Flooding,C,0
syn_51,The human brain weighs about 1.4 kilograms and contains approximately 86 billion neurons. The cerebrum controls thinking memory and voluntary movement. The cerebellum coordinates balance. Scientists continue discovering new facts about brain information processing.,What does the cerebrum control?,Breathing and digestion,D,0
syn_52,Solar energy converts sunlight into electrical energy using photovoltaic cells in solar panels. It is the cleanest most abundant renewable energy source. Solar costs have dropped dramatically over the past decade making it accessible worldwide.,What converts sunlight into electricity in solar panels?,Photovoltaic cells,A,1
syn_53,The Great Wall of China stretches over 21196 kilometers across northern China. It was built to protect Chinese states from northern invasions beginning as early as the 7th century BC. It remains one of the greatest architectural feats in history.,How long is the Great Wall of China?,5000 kilometers,B,0
syn_54,Photosynthesis is the process by which plants use sunlight water and carbon dioxide to produce oxygen and sugar. It takes place in chloroplasts inside plant leaves. Chlorophyll absorbs sunlight and is fundamental to all life on Earth.,Where does photosynthesis primarily take place?,In the roots,C,0
syn_55,The Amazon rainforest is the world's largest tropical rainforest covering most of the Amazon basin. It represents over half of the planet's remaining rainforests and is home to three million species. Deforestation remains a critical threat driven by cattle ranching and agriculture.,What is the main threat to the Amazon rainforest?,Flooding,D,0
syn_56,The human brain weighs about 1.4 kilograms and contains approximately 86 billion neurons. The cerebrum controls thinking memory and voluntary movement. The cerebellum coordinates balance. Scientists continue discovering new facts about brain information processing.,What does the cerebrum control?,Thinking memory and voluntary movement,A,1
syn_57,Solar energy converts sunlight into electrical energy using photovoltaic cells in solar panels. It is the cleanest most abundant renewable energy source. Solar costs have dropped dramatically over the past decade making it accessible worldwide.,What converts sunlight into electricity in solar panels?,Wind turbines,B,0
syn_58,The Great Wall of China stretches over 21196 kilometers across northern China. It was built to protect Chinese states from northern invasions beginning as early as the 7th century BC. It remains one of the greatest architectural feats in history.,How long is the Great Wall of China?,5000 kilometers,C,0
syn_59,Photosynthesis is the process by which plants use sunlight water and carbon dioxide to produce oxygen and sugar. It takes place in chloroplasts inside plant leaves. Chlorophyll absorbs sunlight and is fundamental to all life on Earth.,Where does photosynthesis primarily take place?,In the roots,D,0
syn_60,The Amazon rainforest is the world's largest tropical rainforest covering most of the Amazon basin. It represents over half of the planet's remaining rainforests and is home to three million species. Deforestation remains a critical threat driven by cattle ranching and agriculture.,What is the main threat to the Amazon rainforest?,Deforestation,A,1
syn_61,The human brain weighs about 1.4 kilograms and contains approximately 86 billion neurons. The cerebrum controls thinking memory and voluntary movement. The cerebellum coordinates balance. Scientists continue discovering new facts about brain information processing.,What does the cerebrum control?,Breathing and digestion,B,0
syn_62,Solar energy converts sunlight into electrical energy using photovoltaic cells in solar panels. It is the cleanest most abundant renewable energy source. Solar costs have dropped dramatically over the past decade making it accessible worldwide.,What converts sunlight into electricity in solar panels?,Wind turbines,C,0
syn_63,The Great Wall of China stretches over 21196 kilometers across northern China. It was built to protect Chinese states from northern invasions beginning as early as the 7th century BC. It remains one of the greatest architectural feats in history.,How long is the Great Wall of China?,5000 kilometers,D,0
syn_64,Photosynthesis is the process by which plants use sunlight water and carbon dioxide to produce oxygen and sugar. It takes place in chloroplasts inside plant leaves. Chlorophyll absorbs sunlight and is fundamental to all life on Earth.,Where does photosynthesis primarily take place?,In chloroplasts inside leaves,A,1
syn_65,The Amazon rainforest is the world's largest tropical rainforest covering most of the Amazon basin. It represents over half of the planet's remaining rainforests and is home to three million species. Deforestation remains a critical threat driven by cattle ranching and agriculture.,What is the main threat to the Amazon rainforest?,Flooding,B,0
syn_66,The human brain weighs about 1.4 kilograms and contains approximately 86 billion neurons. The cerebrum controls thinking memory and voluntary movement. The cerebellum coordinates balance. Scientists continue discovering new facts about brain information processing.,What does the cerebrum control?,Breathing and digestion,C,0
syn_67,Solar energy converts sunlight into electrical energy using photovoltaic cells in solar panels. It is the cleanest most abundant renewable energy source. Solar costs have dropped dramatically over the past decade making it accessible worldwide.,What converts sunlight into electricity in solar panels?,Wind turbines,D,0
syn_68,The Great Wall of China stretches over 21196 kilometers across northern China. It was built to protect Chinese states from northern invasions beginning as early as the 7th century BC. It remains one of the greatest architectural feats in history.,How long is the Great Wall of China?,21196 kilometers,A,1
syn_69,Photosynthesis is the process by which plants use sunlight water and carbon dioxide to produce oxygen and sugar. It takes place in chloroplasts inside plant leaves. Chlorophyll absorbs sunlight and is fundamental to all life on Earth.,Where does photosynthesis primarily take place?,In the roots,B,0
syn_70,The Amazon rainforest is the world's largest tropical rainforest covering most of the Amazon basin. It represents over half of the planet's remaining rainforests and is home to three million species. Deforestation remains a critical threat driven by cattle ranching and agriculture.,What is the main threat to the Amazon rainforest?,Flooding,C,0
syn_71,The human brain weighs about 1.4 kilograms and contains approximately 86 billion neurons. The cerebrum controls thinking memory and voluntary movement. The cerebellum coordinates balance. Scientists continue discovering new facts about brain information processing.,What does the cerebrum control?,Breathing and digestion,D,0
syn_72,Solar energy converts sunlight into electrical energy using photovoltaic cells in solar panels. It is the cleanest most abundant renewable energy source. Solar costs have dropped dramatically over the past decade making it accessible worldwide.,What converts sunlight into electricity in solar panels?,Photovoltaic cells,A,1
syn_73,The Great Wall of China stretches over 21196 kilometers across northern China. It was built to protect Chinese states from northern invasions beginning as early as the 7th century BC. It remains one of the greatest architectural feats in history.,How long is the Great Wall of China?,5000 kilometers,B,0
syn_74,Photosynthesis is the process by which plants use sunlight water and carbon dioxide to produce oxygen and sugar. It takes place in chloroplasts inside plant leaves. Chlorophyll absorbs sunlight and is fundamental to all life on Earth.,Where does photosynthesis primarily take place?,In the roots,C,0
syn_75,The Amazon rainforest is the world's largest tropical rainforest covering most of the Amazon basin. It represents over half of the planet's remaining rainforests and is home to three million species. Deforestation remains a critical threat driven by cattle ranching and agriculture.,What is the main threat to the Amazon rainforest?,Flooding,D,0
syn_76,The human brain weighs about 1.4 kilograms and contains approximately 86 billion neurons. The cerebrum controls thinking memory and voluntary movement. The cerebellum coordinates balance. Scientists continue discovering new facts about brain information processing.,What does the cerebrum control?,Thinking memory and voluntary movement,A,1
syn_77,Solar energy converts sunlight into electrical energy using photovoltaic cells in solar panels. It is the cleanest most abundant renewable energy source. Solar costs have dropped dramatically over the past decade making it accessible worldwide.,What converts sunlight into electricity in solar panels?,Wind turbines,B,0
syn_78,The Great Wall of China stretches over 21196 kilometers across northern China. It was built to protect Chinese states from northern invasions beginning as early as the 7th century BC. It remains one of the greatest architectural feats in history.,How long is the Great Wall of China?,5000 kilometers,C,0
syn_79,Photosynthesis is the process by which plants use sunlight water and carbon dioxide to produce oxygen and sugar. It takes place in chloroplasts inside plant leaves. Chlorophyll absorbs sunlight and is fundamental to all life on Earth.,Where does photosynthesis primarily take place?,In the roots,D,0
syn_80,The Amazon rainforest is the world's largest tropical rainforest covering most of the Amazon basin. It represents over half of the planet's remaining rainforests and is home to three million species. Deforestation remains a critical threat driven by cattle ranching and agriculture.,What is the main threat to the Amazon rainforest?,Deforestation,A,1
syn_81,The human brain weighs about 1.4 kilograms and contains approximately 86 billion neurons. The cerebrum controls thinking memory and voluntary movement. The cerebellum coordinates balance. Scientists continue discovering new facts about brain information processing.,What does the cerebrum control?,Breathing and digestion,B,0
syn_82,Solar energy converts sunlight into electrical energy using photovoltaic cells in solar panels. It is the cleanest most abundant renewable energy source. Solar costs have dropped dramatically over the past decade making it accessible worldwide.,What converts sunlight into electricity in solar panels?,Wind turbines,C,0
syn_83,The Great Wall of China stretches over 21196 kilometers across northern China. It was built to protect Chinese states from northern invasions beginning as early as the 7th century BC. It remains one of the greatest architectural feats in history.,How long is the Great Wall of China?,5000 kilometers,D,0
syn_84,Photosynthesis is the process by which plants use sunlight water and carbon dioxide to produce oxygen and sugar. It takes place in chloroplasts inside plant leaves. Chlorophyll absorbs sunlight and is fundamental to all life on Earth.,Where does photosynthesis primarily take place?,In chloroplasts inside leaves,A,1
syn_85,The Amazon rainforest is the world's largest tropical rainforest covering most of the Amazon basin. It represents over half of the planet's remaining rainforests and is home to three million species. Deforestation remains a critical threat driven by cattle ranching and agriculture.,What is the main threat to the Amazon rainforest?,Flooding,B,0
syn_86,The human brain weighs about 1.4 kilograms and contains approximately 86 billion neurons. The cerebrum controls thinking memory and voluntary movement. The cerebellum coordinates balance. Scientists continue discovering new facts about brain information processing.,What does the cerebrum control?,Breathing and digestion,C,0
syn_87,Solar energy converts sunlight into electrical energy using photovoltaic cells in solar panels. It is the cleanest most abundant renewable energy source. Solar costs have dropped dramatically over the past decade making it accessible worldwide.,What converts sunlight into electricity in solar panels?,Wind turbines,D,0
syn_88,The Great Wall of China stretches over 21196 kilometers across northern China. It was built to protect Chinese states from northern invasions beginning as early as the 7th century BC. It remains one of the greatest architectural feats in history.,How long is the Great Wall of China?,21196 kilometers,A,1
syn_89,Photosynthesis is the process by which plants use sunlight water and carbon dioxide to produce oxygen and sugar. It takes place in chloroplasts inside plant leaves. Chlorophyll absorbs sunlight and is fundamental to all life on Earth.,Where does photosynthesis primarily take place?,In the roots,B,0
syn_90,The Amazon rainforest is the world's largest tropical rainforest covering most of the Amazon basin. It represents over half of the planet's remaining rainforests and is home to three million species. Deforestation remains a critical threat driven by cattle ranching and agriculture.,What is the main threat to the Amazon rainforest?,Flooding,C,0
syn_91,The human brain weighs about 1.4 kilograms and contains approximately 86 billion neurons. The cerebrum controls thinking memory and voluntary movement. The cerebellum coordinates balance. Scientists continue discovering new facts about brain information processing.,What does the cerebrum control?,Breathing and digestion,D,0
syn_92,Solar energy converts sunlight into electrical energy using photovoltaic cells in solar panels. It is the cleanest most abundant renewable energy source. Solar costs have dropped dramatically over the past decade making it accessible worldwide.,What converts sunlight into electricity in solar panels?,Photovoltaic cells,A,1
syn_93,The Great Wall of China stretches over 21196 kilometers across northern China. It was built to protect Chinese states from northern invasions beginning as early as the 7th century BC. It remains one of the greatest architectural feats in history.,How long is the Great Wall of China?,5000 kilometers,B,0
syn_94,Photosynthesis is the process by which plants use sunlight water and carbon dioxide to produce oxygen and sugar. It takes place in chloroplasts inside plant leaves. Chlorophyll absorbs sunlight and is fundamental to all life on Earth.,Where does photosynthesis primarily take place?,In the roots,C,0
syn_95,The Amazon rainforest is the world's largest tropical rainforest covering most of the Amazon basin. It represents over half of the planet's remaining rainforests and is home to three million species. Deforestation remains a critical threat driven by cattle ranching and agriculture.,What is the main threat to the Amazon rainforest?,Flooding,D,0
syn_96,The human brain weighs about 1.4 kilograms and contains approximately 86 billion neurons. The cerebrum controls thinking memory and voluntary movement. The cerebellum coordinates balance. Scientists continue discovering new facts about brain information processing.,What does the cerebrum control?,Thinking memory and voluntary movement,A,1
syn_97,Solar energy converts sunlight into electrical energy using photovoltaic cells in solar panels. It is the cleanest most abundant renewable energy source. Solar costs have dropped dramatically over the past decade making it accessible worldwide.,What converts sunlight into electricity in solar panels?,Wind turbines,B,0
syn_98,The Great Wall of China stretches over 21196 kilometers across northern China. It was built to protect Chinese states from northern invasions beginning as early as the 7th century BC. It remains one of the greatest architectural feats in history.,How long is the Great Wall of China?,5000 kilometers,C,0
syn_99,Photosynthesis is the process by which plants use sunlight water and carbon dioxide to produce oxygen and sugar. It takes place in chloroplasts inside plant leaves. Chlorophyll absorbs sunlight and is fundamental to all life on Earth.,Where does photosynthesis primarily take place?,In the roots,D,0
syn_100,The Amazon rainforest is the world's largest tropical rainforest covering most of the Amazon basin. It represents over half of the planet's remaining rainforests and is home to three million species. Deforestation remains a critical threat driven by cattle ranching and agriculture.,What is the main threat to the Amazon rainforest?,Deforestation,A,1
syn_101,The human brain weighs about 1.4 kilograms and contains approximately 86 billion neurons. The cerebrum controls thinking memory and voluntary movement. The cerebellum coordinates balance. Scientists continue discovering new facts about brain information processing.,What does the cerebrum control?,Breathing and digestion,B,0
syn_102,Solar energy converts sunlight into electrical energy using photovoltaic cells in solar panels. It is the cleanest most abundant renewable energy source. Solar costs have dropped dramatically over the past decade making it accessible worldwide.,What converts sunlight into electricity in solar panels?,Wind turbines,C,0
syn_103,The Great Wall of China stretches over 21196 kilometers across northern China. It was built to protect Chinese states from northern invasions beginning as early as the 7th century BC. It remains one of the greatest architectural feats in history.,How long is the Great Wall of China?,5000 kilometers,D,0
syn_104,Photosynthesis is the process by which plants use sunlight water and carbon dioxide to produce oxygen and sugar. It takes place in chloroplasts inside plant leaves. Chlorophyll absorbs sunlight and is fundamental to all life on Earth.,Where does photosynthesis primarily take place?,In chloroplasts inside leaves,A,1
syn_105,The Amazon rainforest is the world's largest tropical rainforest covering most of the Amazon basin. It represents over half of the planet's remaining rainforests and is home to three million species. Deforestation remains a critical threat driven by cattle ranching and agriculture.,What is the main threat to the Amazon rainforest?,Flooding,B,0
syn_106,The human brain weighs about 1.4 kilograms and contains approximately 86 billion neurons. The cerebrum controls thinking memory and voluntary movement. The cerebellum coordinates balance. Scientists continue discovering new facts about brain information processing.,What does the cerebrum control?,Breathing and digestion,C,0
syn_107,Solar energy converts sunlight into electrical energy using photovoltaic cells in solar panels. It is the cleanest most abundant renewable energy source. Solar costs have dropped dramatically over the past decade making it accessible worldwide.,What converts sunlight into electricity in solar panels?,Wind turbines,D,0
syn_108,The Great Wall of China stretches over 21196 kilometers across northern China. It was built to protect Chinese states from northern invasions beginning as early as the 7th century BC. It remains one of the greatest architectural feats in history.,How long is the Great Wall of China?,21196 kilometers,A,1
syn_109,Photosynthesis is the process by which plants use sunlight water and carbon dioxide to produce oxygen and sugar. It takes place in chloroplasts inside plant leaves. Chlorophyll absorbs sunlight and is fundamental to all life on Earth.,Where does photosynthesis primarily take place?,In the roots,B,0
syn_110,The Amazon rainforest is the world's largest tropical rainforest covering most of the Amazon basin. It represents over half of the planet's remaining rainforests and is home to three million species. Deforestation remains a critical threat driven by cattle ranching and agriculture.,What is the main threat to the Amazon rainforest?,Flooding,C,0
syn_111,The human brain weighs about 1.4 kilograms and contains approximately 86 billion neurons. The cerebrum controls thinking memory and voluntary movement. The cerebellum coordinates balance. Scientists continue discovering new facts about brain information processing.,What does the cerebrum control?,Breathing and digestion,D,0
syn_112,Solar energy converts sunlight into electrical energy using photovoltaic cells in solar panels. It is the cleanest most abundant renewable energy source. Solar costs have dropped dramatically over the past decade making it accessible worldwide.,What converts sunlight into electricity in solar panels?,Photovoltaic cells,A,1
syn_113,The Great Wall of China stretches over 21196 kilometers across northern China. It was built to protect Chinese states from northern invasions beginning as early as the 7th century BC. It remains one of the greatest architectural feats in history.,How long is the Great Wall of China?,5000 kilometers,B,0
syn_114,Photosynthesis is the process by which plants use sunlight water and carbon dioxide to produce oxygen and sugar. It takes place in chloroplasts inside plant leaves. Chlorophyll absorbs sunlight and is fundamental to all life on Earth.,Where does photosynthesis primarily take place?,In the roots,C,0
syn_115,The Amazon rainforest is the world's largest tropical rainforest covering most of the Amazon basin. It represents over half of the planet's remaining rainforests and is home to three million species. Deforestation remains a critical threat driven by cattle ranching and agriculture.,What is the main threat to the Amazon rainforest?,Flooding,D,0
syn_116,The human brain weighs about 1.4 kilograms and contains approximately 86 billion neurons. The cerebrum controls thinking memory and voluntary movement. The cerebellum coordinates balance. Scientists continue discovering new facts about brain information processing.,What does the cerebrum control?,Thinking memory and voluntary movement,A,1
syn_117,Solar energy converts sunlight into electrical energy using photovoltaic cells in solar panels. It is the cleanest most abundant renewable energy source. Solar costs have dropped dramatically over the past decade making it accessible worldwide.,What converts sunlight into electricity in solar panels?,Wind turbines,B,0
syn_118,The Great Wall of China stretches over 21196 kilometers across northern China. It was built to protect Chinese states from northern invasions beginning as early as the 7th century BC. It remains one of the greatest architectural feats in history.,How long is the Great Wall of China?,5000 kilometers,C,0
syn_119,Photosynthesis is the process by which plants use sunlight water and carbon dioxide to produce oxygen and sugar. It takes place in chloroplasts inside plant leaves. Chlorophyll absorbs sunlight and is fundamental to all life on Earth.,Where does photosynthesis primarily take place?,In the roots,D,0
syn_120,The Amazon rainforest is the world's largest tropical rainforest covering most of the Amazon basin. It represents over half of the planet's remaining rainforests and is home to three million species. Deforestation remains a critical threat driven by cattle ranching and agriculture.,What is the main threat to the Amazon rainforest?,Deforestation,A,1
syn_121,The human brain weighs about 1.4 kilograms and contains approximately 86 billion neurons. The cerebrum controls thinking memory and voluntary movement. The cerebellum coordinates balance. Scientists continue discovering new facts about brain information processing.,What does the cerebrum control?,Breathing and digestion,B,0
syn_122,Solar energy converts sunlight into electrical energy using photovoltaic cells in solar panels. It is the cleanest most abundant renewable energy source. Solar costs have dropped dramatically over the past decade making it accessible worldwide.,What converts sunlight into electricity in solar panels?,Wind turbines,C,0
syn_123,The Great Wall of China stretches over 21196 kilometers across northern China. It was built to protect Chinese states from northern invasions beginning as early as the 7th century BC. It remains one of the greatest architectural feats in history.,How long is the Great Wall of China?,5000 kilometers,D,0
syn_124,Photosynthesis is the process by which plants use sunlight water and carbon dioxide to produce oxygen and sugar. It takes place in chloroplasts inside plant leaves. Chlorophyll absorbs sunlight and is fundamental to all life on Earth.,Where does photosynthesis primarily take place?,In chloroplasts inside leaves,A,1
syn_125,The Amazon rainforest is the world's largest tropical rainforest covering most of the Amazon basin. It represents over half of the planet's remaining rainforests and is home to three million species. Deforestation remains a critical threat driven by cattle ranching and agriculture.,What is the main threat to the Amazon rainforest?,Flooding,B,0
syn_126,The human brain weighs about 1.4 kilograms and contains approximately 86 billion neurons. The cerebrum controls thinking memory and voluntary movement. The cerebellum coordinates balance. Scientists continue discovering new facts about brain information processing.,What does the cerebrum control?,Breathing and digestion,C,0
syn_127,Solar energy converts sunlight into electrical energy using photovoltaic cells in solar panels. It is the cleanest most abundant renewable energy source. Solar costs have dropped dramatically over the past decade making it accessible worldwide.,What converts sunlight into electricity in solar panels?,Wind turbines,D,0
syn_128,The Great Wall of China stretches over 21196 kilometers across northern China. It was built to protect Chinese states from northern invasions beginning as early as the 7th century BC. It remains one of the greatest architectural feats in history.,How long is the Great Wall of China?,21196 kilometers,A,1
syn_129,Photosynthesis is the process by which plants use sunlight water and carbon dioxide to produce oxygen and sugar. It takes place in chloroplasts inside plant leaves. Chlorophyll absorbs sunlight and is fundamental to all life on Earth.,Where does photosynthesis primarily take place?,In the roots,B,0
syn_130,The Amazon rainforest is the world's largest tropical rainforest covering most of the Amazon basin. It represents over half of the planet's remaining rainforests and is home to three million species. Deforestation remains a critical threat driven by cattle ranching and agriculture.,What is the main threat to the Amazon rainforest?,Flooding,C,0
syn_131,The human brain weighs about 1.4 kilograms and contains approximately 86 billion neurons. The cerebrum controls thinking memory and voluntary movement. The cerebellum coordinates balance. Scientists continue discovering new facts about brain information processing.,What does the cerebrum control?,Breathing and digestion,D,0
syn_132,Solar energy converts sunlight into electrical energy using photovoltaic cells in solar panels. It is the cleanest most abundant renewable energy source. Solar costs have dropped dramatically over the past decade making it accessible worldwide.,What converts sunlight into electricity in solar panels?,Photovoltaic cells,A,1
syn_133,The Great Wall of China stretches over 21196 kilometers across northern China. It was built to protect Chinese states from northern invasions beginning as early as the 7th century BC. It remains one of the greatest architectural feats in history.,How long is the Great Wall of China?,5000 kilometers,B,0
syn_134,Photosynthesis is the process by which plants use sunlight water and carbon dioxide to produce oxygen and sugar. It takes place in chloroplasts inside plant leaves. Chlorophyll absorbs sunlight and is fundamental to all life on Earth.,Where does photosynthesis primarily take place?,In the roots,C,0
syn_135,The Amazon rainforest is the world's largest tropical rainforest covering most of the Amazon basin. It represents over half of the planet's remaining rainforests and is home to three million species. Deforestation remains a critical threat driven by cattle ranching and agriculture.,What is the main threat to the Amazon rainforest?,Flooding,D,0
syn_136,The human brain weighs about 1.4 kilograms and contains approximately 86 billion neurons. The cerebrum controls thinking memory and voluntary movement. The cerebellum coordinates balance. Scientists continue discovering new facts about brain information processing.,What does the cerebrum control?,Thinking memory and voluntary movement,A,1
syn_137,Solar energy converts sunlight into electrical energy using photovoltaic cells in solar panels. It is the cleanest most abundant renewable energy source. Solar costs have dropped dramatically over the past decade making it accessible worldwide.,What converts sunlight into electricity in solar panels?,Wind turbines,B,0
syn_138,The Great Wall of China stretches over 21196 kilometers across northern China. It was built to protect Chinese states from northern invasions beginning as early as the 7th century BC. It remains one of the greatest architectural feats in history.,How long is the Great Wall of China?,5000 kilometers,C,0
syn_139,Photosynthesis is the process by which plants use sunlight water and carbon dioxide to produce oxygen and sugar. It takes place in chloroplasts inside plant leaves. Chlorophyll absorbs sunlight and is fundamental to all life on Earth.,Where does photosynthesis primarily take place?,In the roots,D,0
syn_140,The Amazon rainforest is the world's largest tropical rainforest covering most of the Amazon basin. It represents over half of the planet's remaining rainforests and is home to three million species. Deforestation remains a critical threat driven by cattle ranching and agriculture.,What is the main threat to the Amazon rainforest?,Deforestation,A,1
syn_141,The human brain weighs about 1.4 kilograms and contains approximately 86 billion neurons. The cerebrum controls thinking memory and voluntary movement. The cerebellum coordinates balance. Scientists continue discovering new facts about brain information processing.,What does the cerebrum control?,Breathing and digestion,B,0
syn_142,Solar energy converts sunlight into electrical energy using photovoltaic cells in solar panels. It is the cleanest most abundant renewable energy source. Solar costs have dropped dramatically over the past decade making it accessible worldwide.,What converts sunlight into electricity in solar panels?,Wind turbines,C,0
syn_143,The Great Wall of China stretches over 21196 kilometers across northern China. It was built to protect Chinese states from northern invasions beginning as early as the 7th century BC. It remains one of the greatest architectural feats in history.,How long is the Great Wall of China?,5000 kilometers,D,0
syn_144,Photosynthesis is the process by which plants use sunlight water and carbon dioxide to produce oxygen and sugar. It takes place in chloroplasts inside plant leaves. Chlorophyll absorbs sunlight and is fundamental to all life on Earth.,Where does photosynthesis primarily take place?,In chloroplasts inside leaves,A,1
syn_145,The Amazon rainforest is the world's largest tropical rainforest covering most of the Amazon basin. It represents over half of the planet's remaining rainforests and is home to three million species. Deforestation remains a critical threat driven by cattle ranching and agriculture.,What is the main threat to the Amazon rainforest?,Flooding,B,0
syn_146,The human brain weighs about 1.4 kilograms and contains approximately 86 billion neurons. The cerebrum controls thinking memory and voluntary movement. The cerebellum coordinates balance. Scientists continue discovering new facts about brain information processing.,What does the cerebrum control?,Breathing and digestion,C,0
syn_147,Solar energy converts sunlight into electrical energy using photovoltaic cells in solar panels. It is the cleanest most abundant renewable energy source. Solar costs have dropped dramatically over the past decade making it accessible worldwide.,What converts sunlight into electricity in solar panels?,Wind turbines,D,0
syn_148,The Great Wall of China stretches over 21196 kilometers across northern China. It was built to protect Chinese states from northern invasions beginning as early as the 7th century BC. It remains one of the greatest architectural feats in history.,How long is the Great Wall of China?,21196 kilometers,A,1
syn_149,Photosynthesis is the process by which plants use sunlight water and carbon dioxide to produce oxygen and sugar. It takes place in chloroplasts inside plant leaves. Chlorophyll absorbs sunlight and is fundamental to all life on Earth.,Where does photosynthesis primarily take place?,In the roots,B,0
syn_150,The Amazon rainforest is the world's largest tropical rainforest covering most of the Amazon basin. It represents over half of the planet's remaining rainforests and is home to three million species. Deforestation remains a critical threat driven by cattle ranching and agriculture.,What is the main threat to the Amazon rainforest?,Flooding,C,0
syn_151,The human brain weighs about 1.4 kilograms and contains approximately 86 billion neurons. The cerebrum controls thinking memory and voluntary movement. The cerebellum coordinates balance. Scientists continue discovering new facts about brain information processing.,What does the cerebrum control?,Breathing and digestion,D,0
syn_152,Solar energy converts sunlight into electrical energy using photovoltaic cells in solar panels. It is the cleanest most abundant renewable energy source. Solar costs have dropped dramatically over the past decade making it accessible worldwide.,What converts sunlight into electricity in solar panels?,Photovoltaic cells,A,1
syn_153,The Great Wall of China stretches over 21196 kilometers across northern China. It was built to protect Chinese states from northern invasions beginning as early as the 7th century BC. It remains one of the greatest architectural feats in history.,How long is the Great Wall of China?,5000 kilometers,B,0
syn_154,Photosynthesis is the process by which plants use sunlight water and carbon dioxide to produce oxygen and sugar. It takes place in chloroplasts inside plant leaves. Chlorophyll absorbs sunlight and is fundamental to all life on Earth.,Where does photosynthesis primarily take place?,In the roots,C,0
syn_155,The Amazon rainforest is the world's largest tropical rainforest covering most of the Amazon basin. It represents over half of the planet's remaining rainforests and is home to three million species. Deforestation remains a critical threat driven by cattle ranching and agriculture.,What is the main threat to the Amazon rainforest?,Flooding,D,0
syn_156,The human brain weighs about 1.4 kilograms and contains approximately 86 billion neurons. The cerebrum controls thinking memory and voluntary movement. The cerebellum coordinates balance. Scientists continue discovering new facts about brain information processing.,What does the cerebrum control?,Thinking memory and voluntary movement,A,1
syn_157,Solar energy converts sunlight into electrical energy using photovoltaic cells in solar panels. It is the cleanest most abundant renewable energy source. Solar costs have dropped dramatically over the past decade making it accessible worldwide.,What converts sunlight into electricity in solar panels?,Wind turbines,B,0
syn_158,The Great Wall of China stretches over 21196 kilometers across northern China. It was built to protect Chinese states from northern invasions beginning as early as the 7th century BC. It remains one of the greatest architectural feats in history.,How long is the Great Wall of China?,5000 kilometers,C,0
syn_159,Photosynthesis is the process by which plants use sunlight water and carbon dioxide to produce oxygen and sugar. It takes place in chloroplasts inside plant leaves. Chlorophyll absorbs sunlight and is fundamental to all life on Earth.,Where does photosynthesis primarily take place?,In the roots,D,0
syn_160,The Amazon rainforest is the world's largest tropical rainforest covering most of the Amazon basin. It represents over half of the planet's remaining rainforests and is home to three million species. Deforestation remains a critical threat driven by cattle ranching and agriculture.,What is the main threat to the Amazon rainforest?,Deforestation,A,1
syn_161,The human brain weighs about 1.4 kilograms and contains approximately 86 billion neurons. The cerebrum controls thinking memory and voluntary movement. The cerebellum coordinates balance. Scientists continue discovering new facts about brain information processing.,What does the cerebrum control?,Breathing and digestion,B,0
syn_162,Solar energy converts sunlight into electrical energy using photovoltaic cells in solar panels. It is the cleanest most abundant renewable energy source. Solar costs have dropped dramatically over the past decade making it accessible worldwide.,What converts sunlight into electricity in solar panels?,Wind turbines,C,0
syn_163,The Great Wall of China stretches over 21196 kilometers across northern China. It was built to protect Chinese states from northern invasions beginning as early as the 7th century BC. It remains one of the greatest architectural feats in history.,How long is the Great Wall of China?,5000 kilometers,D,0
syn_164,Photosynthesis is the process by which plants use sunlight water and carbon dioxide to produce oxygen and sugar. It takes place in chloroplasts inside plant leaves. Chlorophyll absorbs sunlight and is fundamental to all life on Earth.,Where does photosynthesis primarily take place?,In chloroplasts inside leaves,A,1
syn_165,The Amazon rainforest is the world's largest tropical rainforest covering most of the Amazon basin. It represents over half of the planet's remaining rainforests and is home to three million species. Deforestation remains a critical threat driven by cattle ranching and agriculture.,What is the main threat to the Amazon rainforest?,Flooding,B,0
syn_166,The human brain weighs about 1.4 kilograms and contains approximately 86 billion neurons. The cerebrum controls thinking memory and voluntary movement. The cerebellum coordinates balance. Scientists continue discovering new facts about brain information processing.,What does the cerebrum control?,Breathing and digestion,C,0
syn_167,Solar energy converts sunlight into electrical energy using photovoltaic cells in solar panels. It is the cleanest most abundant renewable energy source. Solar costs have dropped dramatically over the past decade making it accessible worldwide.,What converts sunlight into electricity in solar panels?,Wind turbines,D,0
syn_168,The Great Wall of China stretches over 21196 kilometers across northern China. It was built to protect Chinese states from northern invasions beginning as early as the 7th century BC. It remains one of the greatest architectural feats in history.,How long is the Great Wall of China?,21196 kilometers,A,1
syn_169,Photosynthesis is the process by which plants use sunlight water and carbon dioxide to produce oxygen and sugar. It takes place in chloroplasts inside plant leaves. Chlorophyll absorbs sunlight and is fundamental to all life on Earth.,Where does photosynthesis primarily take place?,In the roots,B,0
syn_170,The Amazon rainforest is the world's largest tropical rainforest covering most of the Amazon basin. It represents over half of the planet's remaining rainforests and is home to three million species. Deforestation remains a critical threat driven by cattle ranching and agriculture.,What is the main threat to the Amazon rainforest?,Flooding,C,0
syn_171,The human brain weighs about 1.4 kilograms and contains approximately 86 billion neurons. The cerebrum controls thinking memory and voluntary movement. The cerebellum coordinates balance. Scientists continue discovering new facts about brain information processing.,What does the cerebrum control?,Breathing and digestion,D,0
syn_172,Solar energy converts sunlight into electrical energy using photovoltaic cells in solar panels. It is the cleanest most abundant renewable energy source. Solar costs have dropped dramatically over the past decade making it accessible worldwide.,What converts sunlight into electricity in solar panels?,Photovoltaic cells,A,1
syn_173,The Great Wall of China stretches over 21196 kilometers across northern China. It was built to protect Chinese states from northern invasions beginning as early as the 7th century BC. It remains one of the greatest architectural feats in history.,How long is the Great Wall of China?,5000 kilometers,B,0
syn_174,Photosynthesis is the process by which plants use sunlight water and carbon dioxide to produce oxygen and sugar. It takes place in chloroplasts inside plant leaves. Chlorophyll absorbs sunlight and is fundamental to all life on Earth.,Where does photosynthesis primarily take place?,In the roots,C,0
syn_175,The Amazon rainforest is the world's largest tropical rainforest covering most of the Amazon basin. It represents over half of the planet's remaining rainforests and is home to three million species. Deforestation remains a critical threat driven by cattle ranching and agriculture.,What is the main threat to the Amazon rainforest?,Flooding,D,0
syn_176,The human brain weighs about 1.4 kilograms and contains approximately 86 billion neurons. The cerebrum controls thinking memory and voluntary movement. The cerebellum coordinates balance. Scientists continue discovering new facts about brain information processing.,What does the cerebrum control?,Thinking memory and voluntary movement,A,1
syn_177,Solar energy converts sunlight into electrical energy using photovoltaic cells in solar panels. It is the cleanest most abundant renewable energy source. Solar costs have dropped dramatically over the past decade making it accessible worldwide.,What converts sunlight into electricity in solar panels?,Wind turbines,B,0
syn_178,The Great Wall of China stretches over 21196 kilometers across northern China. It was built to protect Chinese states from northern invasions beginning as early as the 7th century BC. It remains one of the greatest architectural feats in history.,How long is the Great Wall of China?,5000 kilometers,C,0
syn_179,Photosynthesis is the process by which plants use sunlight water and carbon dioxide to produce oxygen and sugar. It takes place in chloroplasts inside plant leaves. Chlorophyll absorbs sunlight and is fundamental to all life on Earth.,Where does photosynthesis primarily take place?,In the roots,D,0
syn_180,The Amazon rainforest is the world's largest tropical rainforest covering most of the Amazon basin. It represents over half of the planet's remaining rainforests and is home to three million species. Deforestation remains a critical threat driven by cattle ranching and agriculture.,What is the main threat to the Amazon rainforest?,Deforestation,A,1
syn_181,The human brain weighs about 1.4 kilograms and contains approximately 86 billion neurons. The cerebrum controls thinking memory and voluntary movement. The cerebellum coordinates balance. Scientists continue discovering new facts about brain information processing.,What does the cerebrum control?,Breathing and digestion,B,0
syn_182,Solar energy converts sunlight into electrical energy using photovoltaic cells in solar panels. It is the cleanest most abundant renewable energy source. Solar costs have dropped dramatically over the past decade making it accessible worldwide.,What converts sunlight into electricity in solar panels?,Wind turbines,C,0
syn_183,The Great Wall of China stretches over 21196 kilometers across northern China. It was built to protect Chinese states from northern invasions beginning as early as the 7th century BC. It remains one of the greatest architectural feats in history.,How long is the Great Wall of China?,5000 kilometers,D,0
syn_184,Photosynthesis is the process by which plants use sunlight water and carbon dioxide to produce oxygen and sugar. It takes place in chloroplasts inside plant leaves. Chlorophyll absorbs sunlight and is fundamental to all life on Earth.,Where does photosynthesis primarily take place?,In chloroplasts inside leaves,A,1
syn_185,The Amazon rainforest is the world's largest tropical rainforest covering most of the Amazon basin. It represents over half of the planet's remaining rainforests and is home to three million species. Deforestation remains a critical threat driven by cattle ranching and agriculture.,What is the main threat to the Amazon rainforest?,Flooding,B,0
syn_186,The human brain weighs about 1.4 kilograms and contains approximately 86 billion neurons. The cerebrum controls thinking memory and voluntary movement. The cerebellum coordinates balance. Scientists continue discovering new facts about brain information processing.,What does the cerebrum control?,Breathing and digestion,C,0
syn_187,Solar energy converts sunlight into electrical energy using photovoltaic cells in solar panels. It is the cleanest most abundant renewable energy source. Solar costs have dropped dramatically over the past decade making it accessible worldwide.,What converts sunlight into electricity in solar panels?,Wind turbines,D,0
syn_188,The Great Wall of China stretches over 21196 kilometers across northern China. It was built to protect Chinese states from northern invasions beginning as early as the 7th century BC. It remains one of the greatest architectural feats in history.,How long is the Great Wall of China?,21196 kilometers,A,1
syn_189,Photosynthesis is the process by which plants use sunlight water and carbon dioxide to produce oxygen and sugar. It takes place in chloroplasts inside plant leaves. Chlorophyll absorbs sunlight and is fundamental to all life on Earth.,Where does photosynthesis primarily take place?,In the roots,B,0
syn_190,The Amazon rainforest is the world's largest tropical rainforest covering most of the Amazon basin. It represents over half of the planet's remaining rainforests and is home to three million species. Deforestation remains a critical threat driven by cattle ranching and agriculture.,What is the main threat to the Amazon rainforest?,Flooding,C,0
syn_191,The human brain weighs about 1.4 kilograms and contains approximately 86 billion neurons. The cerebrum controls thinking memory and voluntary movement. The cerebellum coordinates balance. Scientists continue discovering new facts about brain information processing.,What does the cerebrum control?,Breathing and digestion,D,0
syn_192,Solar energy converts sunlight into electrical energy using photovoltaic cells in solar panels. It is the cleanest most abundant renewable energy source. Solar costs have dropped dramatically over the past decade making it accessible worldwide.,What converts sunlight into electricity in solar panels?,Photovoltaic cells,A,1
syn_193,The Great Wall of China stretches over 21196 kilometers across northern China. It was built to protect Chinese states from northern invasions beginning as early as the 7th century BC. It remains one of the greatest architectural feats in history.,How long is the Great Wall of China?,5000 kilometers,B,0
syn_194,Photosynthesis is the process by which plants use sunlight water and carbon dioxide to produce oxygen and sugar. It takes place in chloroplasts inside plant leaves. Chlorophyll absorbs sunlight and is fundamental to all life on Earth.,Where does photosynthesis primarily take place?,In the roots,C,0
syn_195,The Amazon rainforest is the world's largest tropical rainforest covering most of the Amazon basin. It represents over half of the planet's remaining rainforests and is home to three million species. Deforestation remains a critical threat driven by cattle ranching and agriculture.,What is the main threat to the Amazon rainforest?,Flooding,D,0
syn_196,The human brain weighs about 1.4 kilograms and contains approximately 86 billion neurons. The cerebrum controls thinking memory and voluntary movement. The cerebellum coordinates balance. Scientists continue discovering new facts about brain information processing.,What does the cerebrum control?,Thinking memory and voluntary movement,A,1
syn_197,Solar energy converts sunlight into electrical energy using photovoltaic cells in solar panels. It is the cleanest most abundant renewable energy source. Solar costs have dropped dramatically over the past decade making it accessible worldwide.,What converts sunlight into electricity in solar panels?,Wind turbines,B,0
syn_198,The Great Wall of China stretches over 21196 kilometers across northern China. It was built to protect Chinese states from northern invasions beginning as early as the 7th century BC. It remains one of the greatest architectural feats in history.,How long is the Great Wall of China?,5000 kilometers,C,0
syn_199,Photosynthesis is the process by which plants use sunlight water and carbon dioxide to produce oxygen and sugar. It takes place in chloroplasts inside plant leaves. Chlorophyll absorbs sunlight and is fundamental to all life on Earth.,Where does photosynthesis primarily take place?,In the roots,D,0
syn_0,The Amazon rainforest is the world's largest tropical rainforest covering most of the Amazon basin. It represents over half of the planet's remaining rainforests and is home to three million species. Deforestation remains a critical threat driven by cattle ranching and agriculture.,What is the main threat to the Amazon rainforest?,Flooding,A,0
syn_1,The human brain weighs about 1.4 kilograms and contains approximately 86 billion neurons. The cerebrum controls thinking memory and voluntary movement. The cerebellum coordinates balance. Scientists continue discovering new facts about brain information processing.,What does the cerebrum control?,Thinking memory and voluntary movement,B,1
syn_2,Solar energy converts sunlight into electrical energy using photovoltaic cells in solar panels. It is the cleanest most abundant renewable energy source. Solar costs have dropped dramatically over the past decade making it accessible worldwide.,What converts sunlight into electricity in solar panels?,Coal generators,C,0
syn_3,The Great Wall of China stretches over 21196 kilometers across northern China. It was built to protect Chinese states from northern invasions beginning as early as the 7th century BC. It remains one of the greatest architectural feats in history.,How long is the Great Wall of China?,10000 kilometers,D,0
syn_4,Photosynthesis is the process by which plants use sunlight water and carbon dioxide to produce oxygen and sugar. It takes place in chloroplasts inside plant leaves. Chlorophyll absorbs sunlight and is fundamental to all life on Earth.,Where does photosynthesis primarily take place?,In the roots,A,0
syn_5,The Amazon rainforest is the world's largest tropical rainforest covering most of the Amazon basin. It represents over half of the planet's remaining rainforests and is home to three million species. Deforestation remains a critical threat driven by cattle ranching and agriculture.,What is the main threat to the Amazon rainforest?,Deforestation,B,1
syn_6,The human brain weighs about 1.4 kilograms and contains approximately 86 billion neurons. The cerebrum controls thinking memory and voluntary movement. The cerebellum coordinates balance. Scientists continue discovering new facts about brain information processing.,What does the cerebrum control?,Body temperature,C,0
syn_7,Solar energy converts sunlight into electrical energy using photovoltaic cells in solar panels. It is the cleanest most abundant renewable energy source. Solar costs have dropped dramatically over the past decade making it accessible worldwide.,What converts sunlight into electricity in solar panels?,Coal generators,D,0
syn_8,The Great Wall of China stretches over 21196 kilometers across northern China. It was built to protect Chinese states from northern invasions beginning as early as the 7th century BC. It remains one of the greatest architectural feats in history.,How long is the Great Wall of China?,5000 kilometers,A,0
syn_9,Photosynthesis is the process by which plants use sunlight water and carbon dioxide to produce oxygen and sugar. It takes place in chloroplasts inside plant leaves. Chlorophyll absorbs sunlight and is fundamental to all life on Earth.,Where does photosynthesis primarily take place?,In chloroplasts inside leaves,B,1
syn_10,The Amazon rainforest is the world's largest tropical rainforest covering most of the Amazon basin. It represents over half of the planet's remaining rainforests and is home to three million species. Deforestation remains a critical threat driven by cattle ranching and agriculture.,What is the main threat to the Amazon rainforest?,Tourism,C,0
syn_11,The human brain weighs about 1.4 kilograms and contains approximately 86 billion neurons. The cerebrum controls thinking memory and voluntary movement. The cerebellum coordinates balance. Scientists continue discovering new facts about brain information processing.,What does the cerebrum control?,Body temperature,D,0
syn_12,Solar energy converts sunlight into electrical energy using photovoltaic cells in solar panels. It is the cleanest most abundant renewable energy source. Solar costs have dropped dramatically over the past decade making it accessible worldwide.,What converts sunlight into electricity in solar panels?,Wind turbines,A,0
syn_13,The Great Wall of China stretches over 21196 kilometers across northern China. It was built to protect Chinese states from northern invasions beginning as early as the 7th century BC. It remains one of the greatest architectural feats in history.,How long is the Great Wall of China?,21196 kilometers,B,1
syn_14,Photosynthesis is the process by which plants use sunlight water and carbon dioxide to produce oxygen and sugar. It takes place in chloroplasts inside plant leaves. Chlorophyll absorbs sunlight and is fundamental to all life on Earth.,Where does photosynthesis primarily take place?,In the stem,C,0
syn_15,The Amazon rainforest is the world's largest tropical rainforest covering most of the Amazon basin. It represents over half of the planet's remaining rainforests and is home to three million species. Deforestation remains a critical threat driven by cattle ranching and agriculture.,What is the main threat to the Amazon rainforest?,Tourism,D,0
syn_16,The human brain weighs about 1.4 kilograms and contains approximately 86 billion neurons. The cerebrum controls thinking memory and voluntary movement. The cerebellum coordinates balance. Scientists continue discovering new facts about brain information processing.,What does the cerebrum control?,Breathing and digestion,A,0
syn_17,Solar energy converts sunlight into electrical energy using photovoltaic cells in solar panels. It is the cleanest most abundant renewable energy source. Solar costs have dropped dramatically over the past decade making it accessible worldwide.,What converts sunlight into electricity in solar panels?,Photovoltaic cells,B,1
syn_18,The Great Wall of China stretches over 21196 kilometers across northern China. It was built to protect Chinese states from northern invasions beginning as early as the 7th century BC. It remains one of the greatest architectural feats in history.,How long is the Great Wall of China?,10000 kilometers,C,0
syn_19,Photosynthesis is the process by which plants use sunlight water and carbon dioxide to produce oxygen and sugar. It takes place in chloroplasts inside plant leaves. Chlorophyll absorbs sunlight and is fundamental to all life on Earth.,Where does photosynthesis primarily take place?,In the stem,D,0
syn_20,The Amazon rainforest is the world's largest tropical rainforest covering most of the Amazon basin. It represents over half of the planet's remaining rainforests and is home to three million species. Deforestation remains a critical threat driven by cattle ranching and agriculture.,What is the main threat to the Amazon rainforest?,Flooding,A,0
syn_21,The human brain weighs about 1.4 kilograms and contains approximately 86 billion neurons. The cerebrum controls thinking memory and voluntary movement. The cerebellum coordinates balance. Scientists continue discovering new facts about brain information processing.,What does the cerebrum control?,Thinking memory and voluntary movement,B,1
syn_22,Solar energy converts sunlight into electrical energy using photovoltaic cells in solar panels. It is the cleanest most abundant renewable energy source. Solar costs have dropped dramatically over the past decade making it accessible worldwide.,What converts sunlight into electricity in solar panels?,Coal generators,C,0
syn_23,The Great Wall of China stretches over 21196 kilometers across northern China. It was built to protect Chinese states from northern invasions beginning as early as the 7th century BC. It remains one of the greatest architectural feats in history.,How long is the Great Wall of China?,10000 kilometers,D,0
syn_24,Photosynthesis is the process by which plants use sunlight water and carbon dioxide to produce oxygen and sugar. It takes place in chloroplasts inside plant leaves. Chlorophyll absorbs sunlight and is fundamental to all life on Earth.,Where does photosynthesis primarily take place?,In the roots,A,0
syn_25,The Amazon rainforest is the world's largest tropical rainforest covering most of the Amazon basin. It represents over half of the planet's remaining rainforests and is home to three million species. Deforestation remains a critical threat driven by cattle ranching and agriculture.,What is the main threat to the Amazon rainforest?,Deforestation,B,1
syn_26,The human brain weighs about 1.4 kilograms and contains approximately 86 billion neurons. The cerebrum controls thinking memory and voluntary movement. The cerebellum coordinates balance. Scientists continue discovering new facts about brain information processing.,What does the cerebrum control?,Body temperature,C,0
syn_27,Solar energy converts sunlight into electrical energy using photovoltaic cells in solar panels. It is the cleanest most abundant renewable energy source. Solar costs have dropped dramatically over the past decade making it accessible worldwide.,What converts sunlight into electricity in solar panels?,Coal generators,D,0
syn_28,The Great Wall of China stretches over 21196 kilometers across northern China. It was built to protect Chinese states from northern invasions beginning as early as the 7th century BC. It remains one of the greatest architectural feats in history.,How long is the Great Wall of China?,5000 kilometers,A,0
syn_29,Photosynthesis is the process by which plants use sunlight water and carbon dioxide to produce oxygen and sugar. It takes place in chloroplasts inside plant leaves. Chlorophyll absorbs sunlight and is fundamental to all life on Earth.,Where does photosynthesis primarily take place?,In chloroplasts inside leaves,B,1
syn_30,The Amazon rainforest is the world's largest tropical rainforest covering most of the Amazon basin. It represents over half of the planet's remaining rainforests and is home to three million species. Deforestation remains a critical threat driven by cattle ranching and agriculture.,What is the main threat to the Amazon rainforest?,Tourism,C,0
syn_31,The human brain weighs about 1.4 kilograms and contains approximately 86 billion neurons. The cerebrum controls thinking memory and voluntary movement. The cerebellum coordinates balance. Scientists continue discovering new facts about brain information processing.,What does the cerebrum control?,Body temperature,D,0
syn_32,Solar energy converts sunlight into electrical energy using photovoltaic cells in solar panels. It is the cleanest most abundant renewable energy source. Solar costs have dropped dramatically over the past decade making it accessible worldwide.,What converts sunlight into electricity in solar panels?,Wind turbines,A,0
syn_33,The Great Wall of China stretches over 21196 kilometers across northern China. It was built to protect Chinese states from northern invasions beginning as early as the 7th century BC. It remains one of the greatest architectural feats in history.,How long is the Great Wall of China?,21196 kilometers,B,1
syn_34,Photosynthesis is the process by which plants use sunlight water and carbon dioxide to produce oxygen and sugar. It takes place in chloroplasts inside plant leaves. Chlorophyll absorbs sunlight and is fundamental to all life on Earth.,Where does photosynthesis primarily take place?,In the stem,C,0
syn_35,The Amazon rainforest is the world's largest tropical rainforest covering most of the Amazon basin. It represents over half of the planet's remaining rainforests and is home to three million species. Deforestation remains a critical threat driven by cattle ranching and agriculture.,What is the main threat to the Amazon rainforest?,Tourism,D,0
syn_36,The human brain weighs about 1.4 kilograms and contains approximately 86 billion neurons. The cerebrum controls thinking memory and voluntary movement. The cerebellum coordinates balance. Scientists continue discovering new facts about brain information processing.,What does the cerebrum control?,Breathing and digestion,A,0
syn_37,Solar energy converts sunlight into electrical energy using photovoltaic cells in solar panels. It is the cleanest most abundant renewable energy source. Solar costs have dropped dramatically over the past decade making it accessible worldwide.,What converts sunlight into electricity in solar panels?,Photovoltaic cells,B,1
syn_38,The Great Wall of China stretches over 21196 kilometers across northern China. It was built to protect Chinese states from northern invasions beginning as early as the 7th century BC. It remains one of the greatest architectural feats in history.,How long is the Great Wall of China?,10000 kilometers,C,0
syn_39,Photosynthesis is the process by which plants use sunlight water and carbon dioxide to produce oxygen and sugar. It takes place in chloroplasts inside plant leaves. Chlorophyll absorbs sunlight and is fundamental to all life on Earth.,Where does photosynthesis primarily take place?,In the stem,D,0
syn_40,The Amazon rainforest is the world's largest tropical rainforest covering most of the Amazon basin. It represents over half of the planet's remaining rainforests and is home to three million species. Deforestation remains a critical threat driven by cattle ranching and agriculture.,What is the main threat to the Amazon rainforest?,Flooding,A,0
syn_41,The human brain weighs about 1.4 kilograms and contains approximately 86 billion neurons. The cerebrum controls thinking memory and voluntary movement. The cerebellum coordinates balance. Scientists continue discovering new facts about brain information processing.,What does the cerebrum control?,Thinking memory and voluntary movement,B,1
syn_42,Solar energy converts sunlight into electrical energy using photovoltaic cells in solar panels. It is the cleanest most abundant renewable energy source. Solar costs have dropped dramatically over the past decade making it accessible worldwide.,What converts sunlight into electricity in solar panels?,Coal generators,C,0
syn_43,The Great Wall of China stretches over 21196 kilometers across northern China. It was built to protect Chinese states from northern invasions beginning as early as the 7th century BC. It remains one of the greatest architectural feats in history.,How long is the Great Wall of China?,10000 kilometers,D,0
syn_44,Photosynthesis is the process by which plants use sunlight water and carbon dioxide to produce oxygen and sugar. It takes place in chloroplasts inside plant leaves. Chlorophyll absorbs sunlight and is fundamental to all life on Earth.,Where does photosynthesis primarily take place?,In the roots,A,0
syn_45,The Amazon rainforest is the world's largest tropical rainforest covering most of the Amazon basin. It represents over half of the planet's remaining rainforests and is home to three million species. Deforestation remains a critical threat driven by cattle ranching and agriculture.,What is the main threat to the Amazon rainforest?,Deforestation,B,1
syn_46,The human brain weighs about 1.4 kilograms and contains approximately 86 billion neurons. The cerebrum controls thinking memory and voluntary movement. The cerebellum coordinates balance. Scientists continue discovering new facts about brain information processing.,What does the cerebrum control?,Body temperature,C,0
syn_47,Solar energy converts sunlight into electrical energy using photovoltaic cells in solar panels. It is the cleanest most abundant renewable energy source. Solar costs have dropped dramatically over the past decade making it accessible worldwide.,What converts sunlight into electricity in solar panels?,Coal generators,D,0
syn_48,The Great Wall of China stretches over 21196 kilometers across northern China. It was built to protect Chinese states from northern invasions beginning as early as the 7th century BC. It remains one of the greatest architectural feats in history.,How long is the Great Wall of China?,5000 kilometers,A,0
syn_49,Photosynthesis is the process by which plants use sunlight water and carbon dioxide to produce oxygen and sugar. It takes place in chloroplasts inside plant leaves. Chlorophyll absorbs sunlight and is fundamental to all life on Earth.,Where does photosynthesis primarily take place?,In chloroplasts inside leaves,B,1
syn_50,The Amazon rainforest is the world's largest tropical rainforest covering most of the Amazon basin. It represents over half of the planet's remaining rainforests and is home to three million species. Deforestation remains a critical threat driven by cattle ranching and agriculture.,What is the main threat to the Amazon rainforest?,Tourism,C,0
syn_51,The human brain weighs about 1.4 kilograms and contains approximately 86 billion neurons. The cerebrum controls thinking memory and voluntary movement. The cerebellum coordinates balance. Scientists continue discovering new facts about brain information processing.,What does the cerebrum control?,Body temperature,D,0
syn_52,Solar energy converts sunlight into electrical energy using photovoltaic cells in solar panels. It is the cleanest most abundant renewable energy source. Solar costs have dropped dramatically over the past decade making it accessible worldwide.,What converts sunlight into electricity in solar panels?,Wind turbines,A,0
syn_53,The Great Wall of China stretches over 21196 kilometers across northern China. It was built to protect Chinese states from northern invasions beginning as early as the 7th century BC. It remains one of the greatest architectural feats in history.,How long is the Great Wall of China?,21196 kilometers,B,1
syn_54,Photosynthesis is the process by which plants use sunlight water and carbon dioxide to produce oxygen and sugar. It takes place in chloroplasts inside plant leaves. Chlorophyll absorbs sunlight and is fundamental to all life on Earth.,Where does photosynthesis primarily take place?,In the stem,C,0
syn_55,The Amazon rainforest is the world's largest tropical rainforest covering most of the Amazon basin. It represents over half of the planet's remaining rainforests and is home to three million species. Deforestation remains a critical threat driven by cattle ranching and agriculture.,What is the main threat to the Amazon rainforest?,Tourism,D,0
syn_56,The human brain weighs about 1.4 kilograms and contains approximately 86 billion neurons. The cerebrum controls thinking memory and voluntary movement. The cerebellum coordinates balance. Scientists continue discovering new facts about brain information processing.,What does the cerebrum control?,Breathing and digestion,A,0
syn_57,Solar energy converts sunlight into electrical energy using photovoltaic cells in solar panels. It is the cleanest most abundant renewable energy source. Solar costs have dropped dramatically over the past decade making it accessible worldwide.,What converts sunlight into electricity in solar panels?,Photovoltaic cells,B,1
syn_58,The Great Wall of China stretches over 21196 kilometers across northern China. It was built to protect Chinese states from northern invasions beginning as early as the 7th century BC. It remains one of the greatest architectural feats in history.,How long is the Great Wall of China?,10000 kilometers,C,0
syn_59,Photosynthesis is the process by which plants use sunlight water and carbon dioxide to produce oxygen and sugar. It takes place in chloroplasts inside plant leaves. Chlorophyll absorbs sunlight and is fundamental to all life on Earth.,Where does photosynthesis primarily take place?,In the stem,D,0
syn_60,The Amazon rainforest is the world's largest tropical rainforest covering most of the Amazon basin. It represents over half of the planet's remaining rainforests and is home to three million species. Deforestation remains a critical threat driven by cattle ranching and agriculture.,What is the main threat to the Amazon rainforest?,Flooding,A,0
syn_61,The human brain weighs about 1.4 kilograms and contains approximately 86 billion neurons. The cerebrum controls thinking memory and voluntary movement. The cerebellum coordinates balance. Scientists continue discovering new facts about brain information processing.,What does the cerebrum control?,Thinking memory and voluntary movement,B,1
syn_62,Solar energy converts sunlight into electrical energy using photovoltaic cells in solar panels. It is the cleanest most abundant renewable energy source. Solar costs have dropped dramatically over the past decade making it accessible worldwide.,What converts sunlight into electricity in solar panels?,Coal generators,C,0
syn_63,The Great Wall of China stretches over 21196 kilometers across northern China. It was built to protect Chinese states from northern invasions beginning as early as the 7th century BC. It remains one of the greatest architectural feats in history.,How long is the Great Wall of China?,10000 kilometers,D,0
syn_64,Photosynthesis is the process by which plants use sunlight water and carbon dioxide to produce oxygen and sugar. It takes place in chloroplasts inside plant leaves. Chlorophyll absorbs sunlight and is fundamental to all life on Earth.,Where does photosynthesis primarily take place?,In the roots,A,0
syn_65,The Amazon rainforest is the world's largest tropical rainforest covering most of the Amazon basin. It represents over half of the planet's remaining rainforests and is home to three million species. Deforestation remains a critical threat driven by cattle ranching and agriculture.,What is the main threat to the Amazon rainforest?,Deforestation,B,1
syn_66,The human brain weighs about 1.4 kilograms and contains approximately 86 billion neurons. The cerebrum controls thinking memory and voluntary movement. The cerebellum coordinates balance. Scientists continue discovering new facts about brain information processing.,What does the cerebrum control?,Body temperature,C,0
syn_67,Solar energy converts sunlight into electrical energy using photovoltaic cells in solar panels. It is the cleanest most abundant renewable energy source. Solar costs have dropped dramatically over the past decade making it accessible worldwide.,What converts sunlight into electricity in solar panels?,Coal generators,D,0
syn_68,The Great Wall of China stretches over 21196 kilometers across northern China. It was built to protect Chinese states from northern invasions beginning as early as the 7th century BC. It remains one of the greatest architectural feats in history.,How long is the Great Wall of China?,5000 kilometers,A,0
syn_69,Photosynthesis is the process by which plants use sunlight water and carbon dioxide to produce oxygen and sugar. It takes place in chloroplasts inside plant leaves. Chlorophyll absorbs sunlight and is fundamental to all life on Earth.,Where does photosynthesis primarily take place?,In chloroplasts inside leaves,B,1
syn_70,The Amazon rainforest is the world's largest tropical rainforest covering most of the Amazon basin. It represents over half of the planet's remaining rainforests and is home to three million species. Deforestation remains a critical threat driven by cattle ranching and agriculture.,What is the main threat to the Amazon rainforest?,Tourism,C,0
syn_71,The human brain weighs about 1.4 kilograms and contains approximately 86 billion neurons. The cerebrum controls thinking memory and voluntary movement. The cerebellum coordinates balance. Scientists continue discovering new facts about brain information processing.,What does the cerebrum control?,Body temperature,D,0
syn_72,Solar energy converts sunlight into electrical energy using photovoltaic cells in solar panels. It is the cleanest most abundant renewable energy source. Solar costs have dropped dramatically over the past decade making it accessible worldwide.,What converts sunlight into electricity in solar panels?,Wind turbines,A,0
syn_73,The Great Wall of China stretches over 21196 kilometers across northern China. It was built to protect Chinese states from northern invasions beginning as early as the 7th century BC. It remains one of the greatest architectural feats in history.,How long is the Great Wall of China?,21196 kilometers,B,1
syn_74,Photosynthesis is the process by which plants use sunlight water and carbon dioxide to produce oxygen and sugar. It takes place in chloroplasts inside plant leaves. Chlorophyll absorbs sunlight and is fundamental to all life on Earth.,Where does photosynthesis primarily take place?,In the stem,C,0
syn_75,The Amazon rainforest is the world's largest tropical rainforest covering most of the Amazon basin. It represents over half of the planet's remaining rainforests and is home to three million species. Deforestation remains a critical threat driven by cattle ranching and agriculture.,What is the main threat to the Amazon rainforest?,Tourism,D,0
syn_76,The human brain weighs about 1.4 kilograms and contains approximately 86 billion neurons. The cerebrum controls thinking memory and voluntary movement. The cerebellum coordinates balance. Scientists continue discovering new facts about brain information processing.,What does the cerebrum control?,Breathing and digestion,A,0
syn_77,Solar energy converts sunlight into electrical energy using photovoltaic cells in solar panels. It is the cleanest most abundant renewable energy source. Solar costs have dropped dramatically over the past decade making it accessible worldwide.,What converts sunlight into electricity in solar panels?,Photovoltaic cells,B,1
syn_78,The Great Wall of China stretches over 21196 kilometers across northern China. It was built to protect Chinese states from northern invasions beginning as early as the 7th century BC. It remains one of the greatest architectural feats in history.,How long is the Great Wall of China?,10000 kilometers,C,0
syn_79,Photosynthesis is the process by which plants use sunlight water and carbon dioxide to produce oxygen and sugar. It takes place in chloroplasts inside plant leaves. Chlorophyll absorbs sunlight and is fundamental to all life on Earth.,Where does photosynthesis primarily take place?,In the stem,D,0
syn_80,The Amazon rainforest is the world's largest tropical rainforest covering most of the Amazon basin. It represents over half of the planet's remaining rainforests and is home to three million species. Deforestation remains a critical threat driven by cattle ranching and agriculture.,What is the main threat to the Amazon rainforest?,Flooding,A,0
syn_81,The human brain weighs about 1.4 kilograms and contains approximately 86 billion neurons. The cerebrum controls thinking memory and voluntary movement. The cerebellum coordinates balance. Scientists continue discovering new facts about brain information processing.,What does the cerebrum control?,Thinking memory and voluntary movement,B,1
syn_82,Solar energy converts sunlight into electrical energy using photovoltaic cells in solar panels. It is the cleanest most abundant renewable energy source. Solar costs have dropped dramatically over the past decade making it accessible worldwide.,What converts sunlight into electricity in solar panels?,Coal generators,C,0
syn_83,The Great Wall of China stretches over 21196 kilometers across northern China. It was built to protect Chinese states from northern invasions beginning as early as the 7th century BC. It remains one of the greatest architectural feats in history.,How long is the Great Wall of China?,10000 kilometers,D,0
syn_84,Photosynthesis is the process by which plants use sunlight water and carbon dioxide to produce oxygen and sugar. It takes place in chloroplasts inside plant leaves. Chlorophyll absorbs sunlight and is fundamental to all life on Earth.,Where does photosynthesis primarily take place?,In the roots,A,0
syn_85,The Amazon rainforest is the world's largest tropical rainforest covering most of the Amazon basin. It represents over half of the planet's remaining rainforests and is home to three million species. Deforestation remains a critical threat driven by cattle ranching and agriculture.,What is the main threat to the Amazon rainforest?,Deforestation,B,1
syn_86,The human brain weighs about 1.4 kilograms and contains approximately 86 billion neurons. The cerebrum controls thinking memory and voluntary movement. The cerebellum coordinates balance. Scientists continue discovering new facts about brain information processing.,What does the cerebrum control?,Body temperature,C,0
syn_87,Solar energy converts sunlight into electrical energy using photovoltaic cells in solar panels. It is the cleanest most abundant renewable energy source. Solar costs have dropped dramatically over the past decade making it accessible worldwide.,What converts sunlight into electricity in solar panels?,Coal generators,D,0
syn_88,The Great Wall of China stretches over 21196 kilometers across northern China. It was built to protect Chinese states from northern invasions beginning as early as the 7th century BC. It remains one of the greatest architectural feats in history.,How long is the Great Wall of China?,5000 kilometers,A,0
syn_89,Photosynthesis is the process by which plants use sunlight water and carbon dioxide to produce oxygen and sugar. It takes place in chloroplasts inside plant leaves. Chlorophyll absorbs sunlight and is fundamental to all life on Earth.,Where does photosynthesis primarily take place?,In chloroplasts inside leaves,B,1
syn_90,The Amazon rainforest is the world's largest tropical rainforest covering most of the Amazon basin. It represents over half of the planet's remaining rainforests and is home to three million species. Deforestation remains a critical threat driven by cattle ranching and agriculture.,What is the main threat to the Amazon rainforest?,Tourism,C,0
syn_91,The human brain weighs about 1.4 kilograms and contains approximately 86 billion neurons. The cerebrum controls thinking memory and voluntary movement. The cerebellum coordinates balance. Scientists continue discovering new facts about brain information processing.,What does the cerebrum control?,Body temperature,D,0
syn_92,Solar energy converts sunlight into electrical energy using photovoltaic cells in solar panels. It is the cleanest most abundant renewable energy source. Solar costs have dropped dramatically over the past decade making it accessible worldwide.,What converts sunlight into electricity in solar panels?,Wind turbines,A,0
syn_93,The Great Wall of China stretches over 21196 kilometers across northern China. It was built to protect Chinese states from northern invasions beginning as early as the 7th century BC. It remains one of the greatest architectural feats in history.,How long is the Great Wall of China?,21196 kilometers,B,1
syn_94,Photosynthesis is the process by which plants use sunlight water and carbon dioxide to produce oxygen and sugar. It takes place in chloroplasts inside plant leaves. Chlorophyll absorbs sunlight and is fundamental to all life on Earth.,Where does photosynthesis primarily take place?,In the stem,C,0
syn_95,The Amazon rainforest is the world's largest tropical rainforest covering most of the Amazon basin. It represents over half of the planet's remaining rainforests and is home to three million species. Deforestation remains a critical threat driven by cattle ranching and agriculture.,What is the main threat to the Amazon rainforest?,Tourism,D,0
syn_96,The human brain weighs about 1.4 kilograms and contains approximately 86 billion neurons. The cerebrum controls thinking memory and voluntary movement. The cerebellum coordinates balance. Scientists continue discovering new facts about brain information processing.,What does the cerebrum control?,Breathing and digestion,A,0
syn_97,Solar energy converts sunlight into electrical energy using photovoltaic cells in solar panels. It is the cleanest most abundant renewable energy source. Solar costs have dropped dramatically over the past decade making it accessible worldwide.,What converts sunlight into electricity in solar panels?,Photovoltaic cells,B,1
syn_98,The Great Wall of China stretches over 21196 kilometers across northern China. It was built to protect Chinese states from northern invasions beginning as early as the 7th century BC. It remains one of the greatest architectural feats in history.,How long is the Great Wall of China?,10000 kilometers,C,0
syn_99,Photosynthesis is the process by which plants use sunlight water and carbon dioxide to produce oxygen and sugar. It takes place in chloroplasts inside plant leaves. Chlorophyll absorbs sunlight and is fundamental to all life on Earth.,Where does photosynthesis primarily take place?,In the stem,D,0
syn_100,The Amazon rainforest is the world's largest tropical rainforest covering most of the Amazon basin. It represents over half of the planet's remaining rainforests and is home to three million species. Deforestation remains a critical threat driven by cattle ranching and agriculture.,What is the main threat to the Amazon rainforest?,Flooding,A,0
syn_101,The human brain weighs about 1.4 kilograms and contains approximately 86 billion neurons. The cerebrum controls thinking memory and voluntary movement. The cerebellum coordinates balance. Scientists continue discovering new facts about brain information processing.,What does the cerebrum control?,Thinking memory and voluntary movement,B,1
syn_102,Solar energy converts sunlight into electrical energy using photovoltaic cells in solar panels. It is the cleanest most abundant renewable energy source. Solar costs have dropped dramatically over the past decade making it accessible worldwide.,What converts sunlight into electricity in solar panels?,Coal generators,C,0
syn_103,The Great Wall of China stretches over 21196 kilometers across northern China. It was built to protect Chinese states from northern invasions beginning as early as the 7th century BC. It remains one of the greatest architectural feats in history.,How long is the Great Wall of China?,10000 kilometers,D,0
syn_104,Photosynthesis is the process by which plants use sunlight water and carbon dioxide to produce oxygen and sugar. It takes place in chloroplasts inside plant leaves. Chlorophyll absorbs sunlight and is fundamental to all life on Earth.,Where does photosynthesis primarily take place?,In the roots,A,0
syn_105,The Amazon rainforest is the world's largest tropical rainforest covering most of the Amazon basin. It represents over half of the planet's remaining rainforests and is home to three million species. Deforestation remains a critical threat driven by cattle ranching and agriculture.,What is the main threat to the Amazon rainforest?,Deforestation,B,1
syn_106,The human brain weighs about 1.4 kilograms and contains approximately 86 billion neurons. The cerebrum controls thinking memory and voluntary movement. The cerebellum coordinates balance. Scientists continue discovering new facts about brain information processing.,What does the cerebrum control?,Body temperature,C,0
syn_107,Solar energy converts sunlight into electrical energy using photovoltaic cells in solar panels. It is the cleanest most abundant renewable energy source. Solar costs have dropped dramatically over the past decade making it accessible worldwide.,What converts sunlight into electricity in solar panels?,Coal generators,D,0
syn_108,The Great Wall of China stretches over 21196 kilometers across northern China. It was built to protect Chinese states from northern invasions beginning as early as the 7th century BC. It remains one of the greatest architectural feats in history.,How long is the Great Wall of China?,5000 kilometers,A,0
syn_109,Photosynthesis is the process by which plants use sunlight water and carbon dioxide to produce oxygen and sugar. It takes place in chloroplasts inside plant leaves. Chlorophyll absorbs sunlight and is fundamental to all life on Earth.,Where does photosynthesis primarily take place?,In chloroplasts inside leaves,B,1
syn_110,The Amazon rainforest is the world's largest tropical rainforest covering most of the Amazon basin. It represents over half of the planet's remaining rainforests and is home to three million species. Deforestation remains a critical threat driven by cattle ranching and agriculture.,What is the main threat to the Amazon rainforest?,Tourism,C,0
syn_111,The human brain weighs about 1.4 kilograms and contains approximately 86 billion neurons. The cerebrum controls thinking memory and voluntary movement. The cerebellum coordinates balance. Scientists continue discovering new facts about brain information processing.,What does the cerebrum control?,Body temperature,D,0
syn_112,Solar energy converts sunlight into electrical energy using photovoltaic cells in solar panels. It is the cleanest most abundant renewable energy source. Solar costs have dropped dramatically over the past decade making it accessible worldwide.,What converts sunlight into electricity in solar panels?,Wind turbines,A,0
syn_113,The Great Wall of China stretches over 21196 kilometers across northern China. It was built to protect Chinese states from northern invasions beginning as early as the 7th century BC. It remains one of the greatest architectural feats in history.,How long is the Great Wall of China?,21196 kilometers,B,1
syn_114,Photosynthesis is the process by which plants use sunlight water and carbon dioxide to produce oxygen and sugar. It takes place in chloroplasts inside plant leaves. Chlorophyll absorbs sunlight and is fundamental to all life on Earth.,Where does photosynthesis primarily take place?,In the stem,C,0
syn_115,The Amazon rainforest is the world's largest tropical rainforest covering most of the Amazon basin. It represents over half of the planet's remaining rainforests and is home to three million species. Deforestation remains a critical threat driven by cattle ranching and agriculture.,What is the main threat to the Amazon rainforest?,Tourism,D,0
syn_116,The human brain weighs about 1.4 kilograms and contains approximately 86 billion neurons. The cerebrum controls thinking memory and voluntary movement. The cerebellum coordinates balance. Scientists continue discovering new facts about brain information processing.,What does the cerebrum control?,Breathing and digestion,A,0
syn_117,Solar energy converts sunlight into electrical energy using photovoltaic cells in solar panels. It is the cleanest most abundant renewable energy source. Solar costs have dropped dramatically over the past decade making it accessible worldwide.,What converts sunlight into electricity in solar panels?,Photovoltaic cells,B,1
syn_118,The Great Wall of China stretches over 21196 kilometers across northern China. It was built to protect Chinese states from northern invasions beginning as early as the 7th century BC. It remains one of the greatest architectural feats in history.,How long is the Great Wall of China?,10000 kilometers,C,0
syn_119,Photosynthesis is the process by which plants use sunlight water and carbon dioxide to produce oxygen and sugar. It takes place in chloroplasts inside plant leaves. Chlorophyll absorbs sunlight and is fundamental to all life on Earth.,Where does photosynthesis primarily take place?,In the stem,D,0
syn_120,The Amazon rainforest is the world's largest tropical rainforest covering most of the Amazon basin. It represents over half of the planet's remaining rainforests and is home to three million species. Deforestation remains a critical threat driven by cattle ranching and agriculture.,What is the main threat to the Amazon rainforest?,Flooding,A,0
syn_121,The human brain weighs about 1.4 kilograms and contains approximately 86 billion neurons. The cerebrum controls thinking memory and voluntary movement. The cerebellum coordinates balance. Scientists continue discovering new facts about brain information processing.,What does the cerebrum control?,Thinking memory and voluntary movement,B,1
syn_122,Solar energy converts sunlight into electrical energy using photovoltaic cells in solar panels. It is the cleanest most abundant renewable energy source. Solar costs have dropped dramatically over the past decade making it accessible worldwide.,What converts sunlight into electricity in solar panels?,Coal generators,C,0
syn_123,The Great Wall of China stretches over 21196 kilometers across northern China. It was built to protect Chinese states from northern invasions beginning as early as the 7th century BC. It remains one of the greatest architectural feats in history.,How long is the Great Wall of China?,10000 kilometers,D,0
syn_124,Photosynthesis is the process by which plants use sunlight water and carbon dioxide to produce oxygen and sugar. It takes place in chloroplasts inside plant leaves. Chlorophyll absorbs sunlight and is fundamental to all life on Earth.,Where does photosynthesis primarily take place?,In the roots,A,0
syn_125,The Amazon rainforest is the world's largest tropical rainforest covering most of the Amazon basin. It represents over half of the planet's remaining rainforests and is home to three million species. Deforestation remains a critical threat driven by cattle ranching and agriculture.,What is the main threat to the Amazon rainforest?,Deforestation,B,1
syn_126,The human brain weighs about 1.4 kilograms and contains approximately 86 billion neurons. The cerebrum controls thinking memory and voluntary movement. The cerebellum coordinates balance. Scientists continue discovering new facts about brain information processing.,What does the cerebrum control?,Body temperature,C,0
syn_127,Solar energy converts sunlight into electrical energy using photovoltaic cells in solar panels. It is the cleanest most abundant renewable energy source. Solar costs have dropped dramatically over the past decade making it accessible worldwide.,What converts sunlight into electricity in solar panels?,Coal generators,D,0
syn_128,The Great Wall of China stretches over 21196 kilometers across northern China. It was built to protect Chinese states from northern invasions beginning as early as the 7th century BC. It remains one of the greatest architectural feats in history.,How long is the Great Wall of China?,5000 kilometers,A,0
syn_129,Photosynthesis is the process by which plants use sunlight water and carbon dioxide to produce oxygen and sugar. It takes place in chloroplasts inside plant leaves. Chlorophyll absorbs sunlight and is fundamental to all life on Earth.,Where does photosynthesis primarily take place?,In chloroplasts inside leaves,B,1
syn_130,The Amazon rainforest is the world's largest tropical rainforest covering most of the Amazon basin. It represents over half of the planet's remaining rainforests and is home to three million species. Deforestation remains a critical threat driven by cattle ranching and agriculture.,What is the main threat to the Amazon rainforest?,Tourism,C,0
syn_131,The human brain weighs about 1.4 kilograms and contains approximately 86 billion neurons. The cerebrum controls thinking memory and voluntary movement. The cerebellum coordinates balance. Scientists continue discovering new facts about brain information processing.,What does the cerebrum control?,Body temperature,D,0
syn_132,Solar energy converts sunlight into electrical energy using photovoltaic cells in solar panels. It is the cleanest most abundant renewable energy source. Solar costs have dropped dramatically over the past decade making it accessible worldwide.,What converts sunlight into electricity in solar panels?,Wind turbines,A,0
syn_133,The Great Wall of China stretches over 21196 kilometers across northern China. It was built to protect Chinese states from northern invasions beginning as early as the 7th century BC. It remains one of the greatest architectural feats in history.,How long is the Great Wall of China?,21196 kilometers,B,1
syn_134,Photosynthesis is the process by which plants use sunlight water and carbon dioxide to produce oxygen and sugar. It takes place in chloroplasts inside plant leaves. Chlorophyll absorbs sunlight and is fundamental to all life on Earth.,Where does photosynthesis primarily take place?,In the stem,C,0
syn_135,The Amazon rainforest is the world's largest tropical rainforest covering most of the Amazon basin. It represents over half of the planet's remaining rainforests and is home to three million species. Deforestation remains a critical threat driven by cattle ranching and agriculture.,What is the main threat to the Amazon rainforest?,Tourism,D,0
syn_136,The human brain weighs about 1.4 kilograms and contains approximately 86 billion neurons. The cerebrum controls thinking memory and voluntary movement. The cerebellum coordinates balance. Scientists continue discovering new facts about brain information processing.,What does the cerebrum control?,Breathing and digestion,A,0
syn_137,Solar energy converts sunlight into electrical energy using photovoltaic cells in solar panels. It is the cleanest most abundant renewable energy source. Solar costs have dropped dramatically over the past decade making it accessible worldwide.,What converts sunlight into electricity in solar panels?,Photovoltaic cells,B,1
syn_138,The Great Wall of China stretches over 21196 kilometers across northern China. It was built to protect Chinese states from northern invasions beginning as early as the 7th century BC. It remains one of the greatest architectural feats in history.,How long is the Great Wall of China?,10000 kilometers,C,0
syn_139,Photosynthesis is the process by which plants use sunlight water and carbon dioxide to produce oxygen and sugar. It takes place in chloroplasts inside plant leaves. Chlorophyll absorbs sunlight and is fundamental to all life on Earth.,Where does photosynthesis primarily take place?,In the stem,D,0
syn_140,The Amazon rainforest is the world's largest tropical rainforest covering most of the Amazon basin. It represents over half of the planet's remaining rainforests and is home to three million species. Deforestation remains a critical threat driven by cattle ranching and agriculture.,What is the main threat to the Amazon rainforest?,Flooding,A,0
syn_141,The human brain weighs about 1.4 kilograms and contains approximately 86 billion neurons. The cerebrum controls thinking memory and voluntary movement. The cerebellum coordinates balance. Scientists continue discovering new facts about brain information processing.,What does the cerebrum control?,Thinking memory and voluntary movement,B,1
syn_142,Solar energy converts sunlight into electrical energy using photovoltaic cells in solar panels. It is the cleanest most abundant renewable energy source. Solar costs have dropped dramatically over the past decade making it accessible worldwide.,What converts sunlight into electricity in solar panels?,Coal generators,C,0
syn_143,The Great Wall of China stretches over 21196 kilometers across northern China. It was built to protect Chinese states from northern invasions beginning as early as the 7th century BC. It remains one of the greatest architectural feats in history.,How long is the Great Wall of China?,10000 kilometers,D,0
syn_144,Photosynthesis is the process by which plants use sunlight water and carbon dioxide to produce oxygen and sugar. It takes place in chloroplasts inside plant leaves. Chlorophyll absorbs sunlight and is fundamental to all life on Earth.,Where does photosynthesis primarily take place?,In the roots,A,0
syn_145,The Amazon rainforest is the world's largest tropical rainforest covering most of the Amazon basin. It represents over half of the planet's remaining rainforests and is home to three million species. Deforestation remains a critical threat driven by cattle ranching and agriculture.,What is the main threat to the Amazon rainforest?,Deforestation,B,1
syn_146,The human brain weighs about 1.4 kilograms and contains approximately 86 billion neurons. The cerebrum controls thinking memory and voluntary movement. The cerebellum coordinates balance. Scientists continue discovering new facts about brain information processing.,What does the cerebrum control?,Body temperature,C,0
syn_147,Solar energy converts sunlight into electrical energy using photovoltaic cells in solar panels. It is the cleanest most abundant renewable energy source. Solar costs have dropped dramatically over the past decade making it accessible worldwide.,What converts sunlight into electricity in solar panels?,Coal generators,D,0
syn_148,The Great Wall of China stretches over 21196 kilometers across northern China. It was built to protect Chinese states from northern invasions beginning as early as the 7th century BC. It remains one of the greatest architectural feats in history.,How long is the Great Wall of China?,5000 kilometers,A,0
syn_149,Photosynthesis is the process by which plants use sunlight water and carbon dioxide to produce oxygen and sugar. It takes place in chloroplasts inside plant leaves. Chlorophyll absorbs sunlight and is fundamental to all life on Earth.,Where does photosynthesis primarily take place?,In chloroplasts inside leaves,B,1
syn_150,The Amazon rainforest is the world's largest tropical rainforest covering most of the Amazon basin. It represents over half of the planet's remaining rainforests and is home to three million species. Deforestation remains a critical threat driven by cattle ranching and agriculture.,What is the main threat to the Amazon rainforest?,Tourism,C,0
syn_151,The human brain weighs about 1.4 kilograms and contains approximately 86 billion neurons. The cerebrum controls thinking memory and voluntary movement. The cerebellum coordinates balance. Scientists continue discovering new facts about brain information processing.,What does the cerebrum control?,Body temperature,D,0
syn_152,Solar energy converts sunlight into electrical energy using photovoltaic cells in solar panels. It is the cleanest most abundant renewable energy source. Solar costs have dropped dramatically over the past decade making it accessible worldwide.,What converts sunlight into electricity in solar panels?,Wind turbines,A,0
syn_153,The Great Wall of China stretches over 21196 kilometers across northern China. It was built to protect Chinese states from northern invasions beginning as early as the 7th century BC. It remains one of the greatest architectural feats in history.,How long is the Great Wall of China?,21196 kilometers,B,1
syn_154,Photosynthesis is the process by which plants use sunlight water and carbon dioxide to produce oxygen and sugar. It takes place in chloroplasts inside plant leaves. Chlorophyll absorbs sunlight and is fundamental to all life on Earth.,Where does photosynthesis primarily take place?,In the stem,C,0
syn_155,The Amazon rainforest is the world's largest tropical rainforest covering most of the Amazon basin. It represents over half of the planet's remaining rainforests and is home to three million species. Deforestation remains a critical threat driven by cattle ranching and agriculture.,What is the main threat to the Amazon rainforest?,Tourism,D,0
syn_156,The human brain weighs about 1.4 kilograms and contains approximately 86 billion neurons. The cerebrum controls thinking memory and voluntary movement. The cerebellum coordinates balance. Scientists continue discovering new facts about brain information processing.,What does the cerebrum control?,Breathing and digestion,A,0
syn_157,Solar energy converts sunlight into electrical energy using photovoltaic cells in solar panels. It is the cleanest most abundant renewable energy source. Solar costs have dropped dramatically over the past decade making it accessible worldwide.,What converts sunlight into electricity in solar panels?,Photovoltaic cells,B,1
syn_158,The Great Wall of China stretches over 21196 kilometers across northern China. It was built to protect Chinese states from northern invasions beginning as early as the 7th century BC. It remains one of the greatest architectural feats in history.,How long is the Great Wall of China?,10000 kilometers,C,0
syn_159,Photosynthesis is the process by which plants use sunlight water and carbon dioxide to produce oxygen and sugar. It takes place in chloroplasts inside plant leaves. Chlorophyll absorbs sunlight and is fundamental to all life on Earth.,Where does photosynthesis primarily take place?,In the stem,D,0
syn_160,The Amazon rainforest is the world's largest tropical rainforest covering most of the Amazon basin. It represents over half of the planet's remaining rainforests and is home to three million species. Deforestation remains a critical threat driven by cattle ranching and agriculture.,What is the main threat to the Amazon rainforest?,Flooding,A,0
syn_161,The human brain weighs about 1.4 kilograms and contains approximately 86 billion neurons. The cerebrum controls thinking memory and voluntary movement. The cerebellum coordinates balance. Scientists continue discovering new facts about brain information processing.,What does the cerebrum control?,Thinking memory and voluntary movement,B,1
syn_162,Solar energy converts sunlight into electrical energy using photovoltaic cells in solar panels. It is the cleanest most abundant renewable energy source. Solar costs have dropped dramatically over the past decade making it accessible worldwide.,What converts sunlight into electricity in solar panels?,Coal generators,C,0
syn_163,The Great Wall of China stretches over 21196 kilometers across northern China. It was built to protect Chinese states from northern invasions beginning as early as the 7th century BC. It remains one of the greatest architectural feats in history.,How long is the Great Wall of China?,10000 kilometers,D,0
syn_164,Photosynthesis is the process by which plants use sunlight water and carbon dioxide to produce oxygen and sugar. It takes place in chloroplasts inside plant leaves. Chlorophyll absorbs sunlight and is fundamental to all life on Earth.,Where does photosynthesis primarily take place?,In the roots,A,0
syn_165,The Amazon rainforest is the world's largest tropical rainforest covering most of the Amazon basin. It represents over half of the planet's remaining rainforests and is home to three million species. Deforestation remains a critical threat driven by cattle ranching and agriculture.,What is the main threat to the Amazon rainforest?,Deforestation,B,1
syn_166,The human brain weighs about 1.4 kilograms and contains approximately 86 billion neurons. The cerebrum controls thinking memory and voluntary movement. The cerebellum coordinates balance. Scientists continue discovering new facts about brain information processing.,What does the cerebrum control?,Body temperature,C,0
syn_167,Solar energy converts sunlight into electrical energy using photovoltaic cells in solar panels. It is the cleanest most abundant renewable energy source. Solar costs have dropped dramatically over the past decade making it accessible worldwide.,What converts sunlight into electricity in solar panels?,Coal generators,D,0
syn_168,The Great Wall of China stretches over 21196 kilometers across northern China. It was built to protect Chinese states from northern invasions beginning as early as the 7th century BC. It remains one of the greatest architectural feats in history.,How long is the Great Wall of China?,5000 kilometers,A,0
syn_169,Photosynthesis is the process by which plants use sunlight water and carbon dioxide to produce oxygen and sugar. It takes place in chloroplasts inside plant leaves. Chlorophyll absorbs sunlight and is fundamental to all life on Earth.,Where does photosynthesis primarily take place?,In chloroplasts inside leaves,B,1
syn_170,The Amazon rainforest is the world's largest tropical rainforest covering most of the Amazon basin. It represents over half of the planet's remaining rainforests and is home to three million species. Deforestation remains a critical threat driven by cattle ranching and agriculture.,What is the main threat to the Amazon rainforest?,Tourism,C,0
syn_171,The human brain weighs about 1.4 kilograms and contains approximately 86 billion neurons. The cerebrum controls thinking memory and voluntary movement. The cerebellum coordinates balance. Scientists continue discovering new facts about brain information processing.,What does the cerebrum control?,Body temperature,D,0
syn_172,Solar energy converts sunlight into electrical energy using photovoltaic cells in solar panels. It is the cleanest most abundant renewable energy source. Solar costs have dropped dramatically over the past decade making it accessible worldwide.,What converts sunlight into electricity in solar panels?,Wind turbines,A,0
syn_173,The Great Wall of China stretches over 21196 kilometers across northern China. It was built to protect Chinese states from northern invasions beginning as early as the 7th century BC. It remains one of the greatest architectural feats in history.,How long is the Great Wall of China?,21196 kilometers,B,1
syn_174,Photosynthesis is the process by which plants use sunlight water and carbon dioxide to produce oxygen and sugar. It takes place in chloroplasts inside plant leaves. Chlorophyll absorbs sunlight and is fundamental to all life on Earth.,Where does photosynthesis primarily take place?,In the stem,C,0
syn_175,The Amazon rainforest is the world's largest tropical rainforest covering most of the Amazon basin. It represents over half of the planet's remaining rainforests and is home to three million species. Deforestation remains a critical threat driven by cattle ranching and agriculture.,What is the main threat to the Amazon rainforest?,Tourism,D,0
syn_176,The human brain weighs about 1.4 kilograms and contains approximately 86 billion neurons. The cerebrum controls thinking memory and voluntary movement. The cerebellum coordinates balance. Scientists continue discovering new facts about brain information processing.,What does the cerebrum control?,Breathing and digestion,A,0
syn_177,Solar energy converts sunlight into electrical energy using photovoltaic cells in solar panels. It is the cleanest most abundant renewable energy source. Solar costs have dropped dramatically over the past decade making it accessible worldwide.,What converts sunlight into electricity in solar panels?,Photovoltaic cells,B,1
syn_178,The Great Wall of China stretches over 21196 kilometers across northern China. It was built to protect Chinese states from northern invasions beginning as early as the 7th century BC. It remains one of the greatest architectural feats in history.,How long is the Great Wall of China?,10000 kilometers,C,0
syn_179,Photosynthesis is the process by which plants use sunlight water and carbon dioxide to produce oxygen and sugar. It takes place in chloroplasts inside plant leaves. Chlorophyll absorbs sunlight and is fundamental to all life on Earth.,Where does photosynthesis primarily take place?,In the stem,D,0
syn_180,The Amazon rainforest is the world's largest tropical rainforest covering most of the Amazon basin. It represents over half of the planet's remaining rainforests and is home to three million species. Deforestation remains a critical threat driven by cattle ranching and agriculture.,What is the main threat to the Amazon rainforest?,Flooding,A,0
syn_181,The human brain weighs about 1.4 kilograms and contains approximately 86 billion neurons. The cerebrum controls thinking memory and voluntary movement. The cerebellum coordinates balance. Scientists continue discovering new facts about brain information processing.,What does the cerebrum control?,Thinking memory and voluntary movement,B,1
syn_182,Solar energy converts sunlight into electrical energy using photovoltaic cells in solar panels. It is the cleanest most abundant renewable energy source. Solar costs have dropped dramatically over the past decade making it accessible worldwide.,What converts sunlight into electricity in solar panels?,Coal generators,C,0
syn_183,The Great Wall of China stretches over 21196 kilometers across northern China. It was built to protect Chinese states from northern invasions beginning as early as the 7th century BC. It remains one of the greatest architectural feats in history.,How long is the Great Wall of China?,10000 kilometers,D,0
syn_184,Photosynthesis is the process by which plants use sunlight water and carbon dioxide to produce oxygen and sugar. It takes place in chloroplasts inside plant leaves. Chlorophyll absorbs sunlight and is fundamental to all life on Earth.,Where does photosynthesis primarily take place?,In the roots,A,0
syn_185,The Amazon rainforest is the world's largest tropical rainforest covering most of the Amazon basin. It represents over half of the planet's remaining rainforests and is home to three million species. Deforestation remains a critical threat driven by cattle ranching and agriculture.,What is the main threat to the Amazon rainforest?,Deforestation,B,1
syn_186,The human brain weighs about 1.4 kilograms and contains approximately 86 billion neurons. The cerebrum controls thinking memory and voluntary movement. The cerebellum coordinates balance. Scientists continue discovering new facts about brain information processing.,What does the cerebrum control?,Body temperature,C,0
syn_187,Solar energy converts sunlight into electrical energy using photovoltaic cells in solar panels. It is the cleanest most abundant renewable energy source. Solar costs have dropped dramatically over the past decade making it accessible worldwide.,What converts sunlight into electricity in solar panels?,Coal generators,D,0
syn_188,The Great Wall of China stretches over 21196 kilometers across northern China. It was built to protect Chinese states from northern invasions beginning as early as the 7th century BC. It remains one of the greatest architectural feats in history.,How long is the Great Wall of China?,5000 kilometers,A,0
syn_189,Photosynthesis is the process by which plants use sunlight water and carbon dioxide to produce oxygen and sugar. It takes place in chloroplasts inside plant leaves. Chlorophyll absorbs sunlight and is fundamental to all life on Earth.,Where does photosynthesis primarily take place?,In chloroplasts inside leaves,B,1
syn_190,The Amazon rainforest is the world's largest tropical rainforest covering most of the Amazon basin. It represents over half of the planet's remaining rainforests and is home to three million species. Deforestation remains a critical threat driven by cattle ranching and agriculture.,What is the main threat to the Amazon rainforest?,Tourism,C,0
syn_191,The human brain weighs about 1.4 kilograms and contains approximately 86 billion neurons. The cerebrum controls thinking memory and voluntary movement. The cerebellum coordinates balance. Scientists continue discovering new facts about brain information processing.,What does the cerebrum control?,Body temperature,D,0
syn_192,Solar energy converts sunlight into electrical energy using photovoltaic cells in solar panels. It is the cleanest most abundant renewable energy source. Solar costs have dropped dramatically over the past decade making it accessible worldwide.,What converts sunlight into electricity in solar panels?,Wind turbines,A,0
syn_193,The Great Wall of China stretches over 21196 kilometers across northern China. It was built to protect Chinese states from northern invasions beginning as early as the 7th century BC. It remains one of the greatest architectural feats in history.,How long is the Great Wall of China?,21196 kilometers,B,1
syn_194,Photosynthesis is the process by which plants use sunlight water and carbon dioxide to produce oxygen and sugar. It takes place in chloroplasts inside plant leaves. Chlorophyll absorbs sunlight and is fundamental to all life on Earth.,Where does photosynthesis primarily take place?,In the stem,C,0
syn_195,The Amazon rainforest is the world's largest tropical rainforest covering most of the Amazon basin. It represents over half of the planet's remaining rainforests and is home to three million species. Deforestation remains a critical threat driven by cattle ranching and agriculture.,What is the main threat to the Amazon rainforest?,Tourism,D,0
syn_196,The human brain weighs about 1.4 kilograms and contains approximately 86 billion neurons. The cerebrum controls thinking memory and voluntary movement. The cerebellum coordinates balance. Scientists continue discovering new facts about brain information processing.,What does the cerebrum control?,Breathing and digestion,A,0
syn_197,Solar energy converts sunlight into electrical energy using photovoltaic cells in solar panels. It is the cleanest most abundant renewable energy source. Solar costs have dropped dramatically over the past decade making it accessible worldwide.,What converts sunlight into electricity in solar panels?,Photovoltaic cells,B,1
syn_198,The Great Wall of China stretches over 21196 kilometers across northern China. It was built to protect Chinese states from northern invasions beginning as early as the 7th century BC. It remains one of the greatest architectural feats in history.,How long is the Great Wall of China?,10000 kilometers,C,0
syn_199,Photosynthesis is the process by which plants use sunlight water and carbon dioxide to produce oxygen and sugar. It takes place in chloroplasts inside plant leaves. Chlorophyll absorbs sunlight and is fundamental to all life on Earth.,Where does photosynthesis primarily take place?,In the stem,D,0
syn_0,The Amazon rainforest is the world's largest tropical rainforest covering most of the Amazon basin. It represents over half of the planet's remaining rainforests and is home to three million species. Deforestation remains a critical threat driven by cattle ranching and agriculture.,What is the main threat to the Amazon rainforest?,Tourism,A,0
syn_1,The human brain weighs about 1.4 kilograms and contains approximately 86 billion neurons. The cerebrum controls thinking memory and voluntary movement. The cerebellum coordinates balance. Scientists continue discovering new facts about brain information processing.,What does the cerebrum control?,Body temperature,B,0
syn_2,Solar energy converts sunlight into electrical energy using photovoltaic cells in solar panels. It is the cleanest most abundant renewable energy source. Solar costs have dropped dramatically over the past decade making it accessible worldwide.,What converts sunlight into electricity in solar panels?,Photovoltaic cells,C,1
syn_3,The Great Wall of China stretches over 21196 kilometers across northern China. It was built to protect Chinese states from northern invasions beginning as early as the 7th century BC. It remains one of the greatest architectural feats in history.,How long is the Great Wall of China?,50000 kilometers,D,0
syn_4,Photosynthesis is the process by which plants use sunlight water and carbon dioxide to produce oxygen and sugar. It takes place in chloroplasts inside plant leaves. Chlorophyll absorbs sunlight and is fundamental to all life on Earth.,Where does photosynthesis primarily take place?,In the stem,A,0
syn_5,The Amazon rainforest is the world's largest tropical rainforest covering most of the Amazon basin. It represents over half of the planet's remaining rainforests and is home to three million species. Deforestation remains a critical threat driven by cattle ranching and agriculture.,What is the main threat to the Amazon rainforest?,Tourism,B,0
syn_6,The human brain weighs about 1.4 kilograms and contains approximately 86 billion neurons. The cerebrum controls thinking memory and voluntary movement. The cerebellum coordinates balance. Scientists continue discovering new facts about brain information processing.,What does the cerebrum control?,Thinking memory and voluntary movement,C,1
syn_7,Solar energy converts sunlight into electrical energy using photovoltaic cells in solar panels. It is the cleanest most abundant renewable energy source. Solar costs have dropped dramatically over the past decade making it accessible worldwide.,What converts sunlight into electricity in solar panels?,Hydroelectric dams,D,0
syn_8,The Great Wall of China stretches over 21196 kilometers across northern China. It was built to protect Chinese states from northern invasions beginning as early as the 7th century BC. It remains one of the greatest architectural feats in history.,How long is the Great Wall of China?,10000 kilometers,A,0
syn_9,Photosynthesis is the process by which plants use sunlight water and carbon dioxide to produce oxygen and sugar. It takes place in chloroplasts inside plant leaves. Chlorophyll absorbs sunlight and is fundamental to all life on Earth.,Where does photosynthesis primarily take place?,In the stem,B,0
syn_10,The Amazon rainforest is the world's largest tropical rainforest covering most of the Amazon basin. It represents over half of the planet's remaining rainforests and is home to three million species. Deforestation remains a critical threat driven by cattle ranching and agriculture.,What is the main threat to the Amazon rainforest?,Deforestation,C,1
syn_11,The human brain weighs about 1.4 kilograms and contains approximately 86 billion neurons. The cerebrum controls thinking memory and voluntary movement. The cerebellum coordinates balance. Scientists continue discovering new facts about brain information processing.,What does the cerebrum control?,Eye movement,D,0
syn_12,Solar energy converts sunlight into electrical energy using photovoltaic cells in solar panels. It is the cleanest most abundant renewable energy source. Solar costs have dropped dramatically over the past decade making it accessible worldwide.,What converts sunlight into electricity in solar panels?,Coal generators,A,0
syn_13,The Great Wall of China stretches over 21196 kilometers across northern China. It was built to protect Chinese states from northern invasions beginning as early as the 7th century BC. It remains one of the greatest architectural feats in history.,How long is the Great Wall of China?,10000 kilometers,B,0
syn_14,Photosynthesis is the process by which plants use sunlight water and carbon dioxide to produce oxygen and sugar. It takes place in chloroplasts inside plant leaves. Chlorophyll absorbs sunlight and is fundamental to all life on Earth.,Where does photosynthesis primarily take place?,In chloroplasts inside leaves,C,1
syn_15,The Amazon rainforest is the world's largest tropical rainforest covering most of the Amazon basin. It represents over half of the planet's remaining rainforests and is home to three million species. Deforestation remains a critical threat driven by cattle ranching and agriculture.,What is the main threat to the Amazon rainforest?,Earthquakes,D,0
syn_16,The human brain weighs about 1.4 kilograms and contains approximately 86 billion neurons. The cerebrum controls thinking memory and voluntary movement. The cerebellum coordinates balance. Scientists continue discovering new facts about brain information processing.,What does the cerebrum control?,Body temperature,A,0
syn_17,Solar energy converts sunlight into electrical energy using photovoltaic cells in solar panels. It is the cleanest most abundant renewable energy source. Solar costs have dropped dramatically over the past decade making it accessible worldwide.,What converts sunlight into electricity in solar panels?,Coal generators,B,0
syn_18,The Great Wall of China stretches over 21196 kilometers across northern China. It was built to protect Chinese states from northern invasions beginning as early as the 7th century BC. It remains one of the greatest architectural feats in history.,How long is the Great Wall of China?,21196 kilometers,C,1
syn_19,Photosynthesis is the process by which plants use sunlight water and carbon dioxide to produce oxygen and sugar. It takes place in chloroplasts inside plant leaves. Chlorophyll absorbs sunlight and is fundamental to all life on Earth.,Where does photosynthesis primarily take place?,In the flowers,D,0
syn_20,The Amazon rainforest is the world's largest tropical rainforest covering most of the Amazon basin. It represents over half of the planet's remaining rainforests and is home to three million species. Deforestation remains a critical threat driven by cattle ranching and agriculture.,What is the main threat to the Amazon rainforest?,Tourism,A,0
syn_21,The human brain weighs about 1.4 kilograms and contains approximately 86 billion neurons. The cerebrum controls thinking memory and voluntary movement. The cerebellum coordinates balance. Scientists continue discovering new facts about brain information processing.,What does the cerebrum control?,Body temperature,B,0
syn_22,Solar energy converts sunlight into electrical energy using photovoltaic cells in solar panels. It is the cleanest most abundant renewable energy source. Solar costs have dropped dramatically over the past decade making it accessible worldwide.,What converts sunlight into electricity in solar panels?,Photovoltaic cells,C,1
syn_23,The Great Wall of China stretches over 21196 kilometers across northern China. It was built to protect Chinese states from northern invasions beginning as early as the 7th century BC. It remains one of the greatest architectural feats in history.,How long is the Great Wall of China?,50000 kilometers,D,0
syn_24,Photosynthesis is the process by which plants use sunlight water and carbon dioxide to produce oxygen and sugar. It takes place in chloroplasts inside plant leaves. Chlorophyll absorbs sunlight and is fundamental to all life on Earth.,Where does photosynthesis primarily take place?,In the stem,A,0
syn_25,The Amazon rainforest is the world's largest tropical rainforest covering most of the Amazon basin. It represents over half of the planet's remaining rainforests and is home to three million species. Deforestation remains a critical threat driven by cattle ranching and agriculture.,What is the main threat to the Amazon rainforest?,Tourism,B,0
syn_26,The human brain weighs about 1.4 kilograms and contains approximately 86 billion neurons. The cerebrum controls thinking memory and voluntary movement. The cerebellum coordinates balance. Scientists continue discovering new facts about brain information processing.,What does the cerebrum control?,Thinking memory and voluntary movement,C,1
syn_27,Solar energy converts sunlight into electrical energy using photovoltaic cells in solar panels. It is the cleanest most abundant renewable energy source. Solar costs have dropped dramatically over the past decade making it accessible worldwide.,What converts sunlight into electricity in solar panels?,Hydroelectric dams,D,0
syn_28,The Great Wall of China stretches over 21196 kilometers across northern China. It was built to protect Chinese states from northern invasions beginning as early as the 7th century BC. It remains one of the greatest architectural feats in history.,How long is the Great Wall of China?,10000 kilometers,A,0
syn_29,Photosynthesis is the process by which plants use sunlight water and carbon dioxide to produce oxygen and sugar. It takes place in chloroplasts inside plant leaves. Chlorophyll absorbs sunlight and is fundamental to all life on Earth.,Where does photosynthesis primarily take place?,In the stem,B,0
syn_30,The Amazon rainforest is the world's largest tropical rainforest covering most of the Amazon basin. It represents over half of the planet's remaining rainforests and is home to three million species. Deforestation remains a critical threat driven by cattle ranching and agriculture.,What is the main threat to the Amazon rainforest?,Deforestation,C,1
syn_31,The human brain weighs about 1.4 kilograms and contains approximately 86 billion neurons. The cerebrum controls thinking memory and voluntary movement. The cerebellum coordinates balance. Scientists continue discovering new facts about brain information processing.,What does the cerebrum control?,Eye movement,D,0
syn_32,Solar energy converts sunlight into electrical energy using photovoltaic cells in solar panels. It is the cleanest most abundant renewable energy source. Solar costs have dropped dramatically over the past decade making it accessible worldwide.,What converts sunlight into electricity in solar panels?,Coal generators,A,0
syn_33,The Great Wall of China stretches over 21196 kilometers across northern China. It was built to protect Chinese states from northern invasions beginning as early as the 7th century BC. It remains one of the greatest architectural feats in history.,How long is the Great Wall of China?,10000 kilometers,B,0
syn_34,Photosynthesis is the process by which plants use sunlight water and carbon dioxide to produce oxygen and sugar. It takes place in chloroplasts inside plant leaves. Chlorophyll absorbs sunlight and is fundamental to all life on Earth.,Where does photosynthesis primarily take place?,In chloroplasts inside leaves,C,1
syn_35,The Amazon rainforest is the world's largest tropical rainforest covering most of the Amazon basin. It represents over half of the planet's remaining rainforests and is home to three million species. Deforestation remains a critical threat driven by cattle ranching and agriculture.,What is the main threat to the Amazon rainforest?,Earthquakes,D,0
syn_36,The human brain weighs about 1.4 kilograms and contains approximately 86 billion neurons. The cerebrum controls thinking memory and voluntary movement. The cerebellum coordinates balance. Scientists continue discovering new facts about brain information processing.,What does the cerebrum control?,Body temperature,A,0
syn_37,Solar energy converts sunlight into electrical energy using photovoltaic cells in solar panels. It is the cleanest most abundant renewable energy source. Solar costs have dropped dramatically over the past decade making it accessible worldwide.,What converts sunlight into electricity in solar panels?,Coal generators,B,0
syn_38,The Great Wall of China stretches over 21196 kilometers across northern China. It was built to protect Chinese states from northern invasions beginning as early as the 7th century BC. It remains one of the greatest architectural feats in history.,How long is the Great Wall of China?,21196 kilometers,C,1
syn_39,Photosynthesis is the process by which plants use sunlight water and carbon dioxide to produce oxygen and sugar. It takes place in chloroplasts inside plant leaves. Chlorophyll absorbs sunlight and is fundamental to all life on Earth.,Where does photosynthesis primarily take place?,In the flowers,D,0
syn_40,The Amazon rainforest is the world's largest tropical rainforest covering most of the Amazon basin. It represents over half of the planet's remaining rainforests and is home to three million species. Deforestation remains a critical threat driven by cattle ranching and agriculture.,What is the main threat to the Amazon rainforest?,Tourism,A,0
syn_41,The human brain weighs about 1.4 kilograms and contains approximately 86 billion neurons. The cerebrum controls thinking memory and voluntary movement. The cerebellum coordinates balance. Scientists continue discovering new facts about brain information processing.,What does the cerebrum control?,Body temperature,B,0
syn_42,Solar energy converts sunlight into electrical energy using photovoltaic cells in solar panels. It is the cleanest most abundant renewable energy source. Solar costs have dropped dramatically over the past decade making it accessible worldwide.,What converts sunlight into electricity in solar panels?,Photovoltaic cells,C,1
syn_43,The Great Wall of China stretches over 21196 kilometers across northern China. It was built to protect Chinese states from northern invasions beginning as early as the 7th century BC. It remains one of the greatest architectural feats in history.,How long is the Great Wall of China?,50000 kilometers,D,0
syn_44,Photosynthesis is the process by which plants use sunlight water and carbon dioxide to produce oxygen and sugar. It takes place in chloroplasts inside plant leaves. Chlorophyll absorbs sunlight and is fundamental to all life on Earth.,Where does photosynthesis primarily take place?,In the stem,A,0
syn_45,The Amazon rainforest is the world's largest tropical rainforest covering most of the Amazon basin. It represents over half of the planet's remaining rainforests and is home to three million species. Deforestation remains a critical threat driven by cattle ranching and agriculture.,What is the main threat to the Amazon rainforest?,Tourism,B,0
syn_46,The human brain weighs about 1.4 kilograms and contains approximately 86 billion neurons. The cerebrum controls thinking memory and voluntary movement. The cerebellum coordinates balance. Scientists continue discovering new facts about brain information processing.,What does the cerebrum control?,Thinking memory and voluntary movement,C,1
syn_47,Solar energy converts sunlight into electrical energy using photovoltaic cells in solar panels. It is the cleanest most abundant renewable energy source. Solar costs have dropped dramatically over the past decade making it accessible worldwide.,What converts sunlight into electricity in solar panels?,Hydroelectric dams,D,0
syn_48,The Great Wall of China stretches over 21196 kilometers across northern China. It was built to protect Chinese states from northern invasions beginning as early as the 7th century BC. It remains one of the greatest architectural feats in history.,How long is the Great Wall of China?,10000 kilometers,A,0
syn_49,Photosynthesis is the process by which plants use sunlight water and carbon dioxide to produce oxygen and sugar. It takes place in chloroplasts inside plant leaves. Chlorophyll absorbs sunlight and is fundamental to all life on Earth.,Where does photosynthesis primarily take place?,In the stem,B,0
syn_50,The Amazon rainforest is the world's largest tropical rainforest covering most of the Amazon basin. It represents over half of the planet's remaining rainforests and is home to three million species. Deforestation remains a critical threat driven by cattle ranching and agriculture.,What is the main threat to the Amazon rainforest?,Deforestation,C,1
syn_51,The human brain weighs about 1.4 kilograms and contains approximately 86 billion neurons. The cerebrum controls thinking memory and voluntary movement. The cerebellum coordinates balance. Scientists continue discovering new facts about brain information processing.,What does the cerebrum control?,Eye movement,D,0
syn_52,Solar energy converts sunlight into electrical energy using photovoltaic cells in solar panels. It is the cleanest most abundant renewable energy source. Solar costs have dropped dramatically over the past decade making it accessible worldwide.,What converts sunlight into electricity in solar panels?,Coal generators,A,0
syn_53,The Great Wall of China stretches over 21196 kilometers across northern China. It was built to protect Chinese states from northern invasions beginning as early as the 7th century BC. It remains one of the greatest architectural feats in history.,How long is the Great Wall of China?,10000 kilometers,B,0
syn_54,Photosynthesis is the process by which plants use sunlight water and carbon dioxide to produce oxygen and sugar. It takes place in chloroplasts inside plant leaves. Chlorophyll absorbs sunlight and is fundamental to all life on Earth.,Where does photosynthesis primarily take place?,In chloroplasts inside leaves,C,1
syn_55,The Amazon rainforest is the world's largest tropical rainforest covering most of the Amazon basin. It represents over half of the planet's remaining rainforests and is home to three million species. Deforestation remains a critical threat driven by cattle ranching and agriculture.,What is the main threat to the Amazon rainforest?,Earthquakes,D,0
syn_56,The human brain weighs about 1.4 kilograms and contains approximately 86 billion neurons. The cerebrum controls thinking memory and voluntary movement. The cerebellum coordinates balance. Scientists continue discovering new facts about brain information processing.,What does the cerebrum control?,Body temperature,A,0
syn_57,Solar energy converts sunlight into electrical energy using photovoltaic cells in solar panels. It is the cleanest most abundant renewable energy source. Solar costs have dropped dramatically over the past decade making it accessible worldwide.,What converts sunlight into electricity in solar panels?,Coal generators,B,0
syn_58,The Great Wall of China stretches over 21196 kilometers across northern China. It was built to protect Chinese states from northern invasions beginning as early as the 7th century BC. It remains one of the greatest architectural feats in history.,How long is the Great Wall of China?,21196 kilometers,C,1
syn_59,Photosynthesis is the process by which plants use sunlight water and carbon dioxide to produce oxygen and sugar. It takes place in chloroplasts inside plant leaves. Chlorophyll absorbs sunlight and is fundamental to all life on Earth.,Where does photosynthesis primarily take place?,In the flowers,D,0
syn_60,The Amazon rainforest is the world's largest tropical rainforest covering most of the Amazon basin. It represents over half of the planet's remaining rainforests and is home to three million species. Deforestation remains a critical threat driven by cattle ranching and agriculture.,What is the main threat to the Amazon rainforest?,Tourism,A,0
syn_61,The human brain weighs about 1.4 kilograms and contains approximately 86 billion neurons. The cerebrum controls thinking memory and voluntary movement. The cerebellum coordinates balance. Scientists continue discovering new facts about brain information processing.,What does the cerebrum control?,Body temperature,B,0
syn_62,Solar energy converts sunlight into electrical energy using photovoltaic cells in solar panels. It is the cleanest most abundant renewable energy source. Solar costs have dropped dramatically over the past decade making it accessible worldwide.,What converts sunlight into electricity in solar panels?,Photovoltaic cells,C,1
syn_63,The Great Wall of China stretches over 21196 kilometers across northern China. It was built to protect Chinese states from northern invasions beginning as early as the 7th century BC. It remains one of the greatest architectural feats in history.,How long is the Great Wall of China?,50000 kilometers,D,0
syn_64,Photosynthesis is the process by which plants use sunlight water and carbon dioxide to produce oxygen and sugar. It takes place in chloroplasts inside plant leaves. Chlorophyll absorbs sunlight and is fundamental to all life on Earth.,Where does photosynthesis primarily take place?,In the stem,A,0
syn_65,The Amazon rainforest is the world's largest tropical rainforest covering most of the Amazon basin. It represents over half of the planet's remaining rainforests and is home to three million species. Deforestation remains a critical threat driven by cattle ranching and agriculture.,What is the main threat to the Amazon rainforest?,Tourism,B,0
syn_66,The human brain weighs about 1.4 kilograms and contains approximately 86 billion neurons. The cerebrum controls thinking memory and voluntary movement. The cerebellum coordinates balance. Scientists continue discovering new facts about brain information processing.,What does the cerebrum control?,Thinking memory and voluntary movement,C,1
syn_67,Solar energy converts sunlight into electrical energy using photovoltaic cells in solar panels. It is the cleanest most abundant renewable energy source. Solar costs have dropped dramatically over the past decade making it accessible worldwide.,What converts sunlight into electricity in solar panels?,Hydroelectric dams,D,0
syn_68,The Great Wall of China stretches over 21196 kilometers across northern China. It was built to protect Chinese states from northern invasions beginning as early as the 7th century BC. It remains one of the greatest architectural feats in history.,How long is the Great Wall of China?,10000 kilometers,A,0
syn_69,Photosynthesis is the process by which plants use sunlight water and carbon dioxide to produce oxygen and sugar. It takes place in chloroplasts inside plant leaves. Chlorophyll absorbs sunlight and is fundamental to all life on Earth.,Where does photosynthesis primarily take place?,In the stem,B,0
syn_70,The Amazon rainforest is the world's largest tropical rainforest covering most of the Amazon basin. It represents over half of the planet's remaining rainforests and is home to three million species. Deforestation remains a critical threat driven by cattle ranching and agriculture.,What is the main threat to the Amazon rainforest?,Deforestation,C,1
syn_71,The human brain weighs about 1.4 kilograms and contains approximately 86 billion neurons. The cerebrum controls thinking memory and voluntary movement. The cerebellum coordinates balance. Scientists continue discovering new facts about brain information processing.,What does the cerebrum control?,Eye movement,D,0
syn_72,Solar energy converts sunlight into electrical energy using photovoltaic cells in solar panels. It is the cleanest most abundant renewable energy source. Solar costs have dropped dramatically over the past decade making it accessible worldwide.,What converts sunlight into electricity in solar panels?,Coal generators,A,0
syn_73,The Great Wall of China stretches over 21196 kilometers across northern China. It was built to protect Chinese states from northern invasions beginning as early as the 7th century BC. It remains one of the greatest architectural feats in history.,How long is the Great Wall of China?,10000 kilometers,B,0
syn_74,Photosynthesis is the process by which plants use sunlight water and carbon dioxide to produce oxygen and sugar. It takes place in chloroplasts inside plant leaves. Chlorophyll absorbs sunlight and is fundamental to all life on Earth.,Where does photosynthesis primarily take place?,In chloroplasts inside leaves,C,1
syn_75,The Amazon rainforest is the world's largest tropical rainforest covering most of the Amazon basin. It represents over half of the planet's remaining rainforests and is home to three million species. Deforestation remains a critical threat driven by cattle ranching and agriculture.,What is the main threat to the Amazon rainforest?,Earthquakes,D,0
syn_76,The human brain weighs about 1.4 kilograms and contains approximately 86 billion neurons. The cerebrum controls thinking memory and voluntary movement. The cerebellum coordinates balance. Scientists continue discovering new facts about brain information processing.,What does the cerebrum control?,Body temperature,A,0
syn_77,Solar energy converts sunlight into electrical energy using photovoltaic cells in solar panels. It is the cleanest most abundant renewable energy source. Solar costs have dropped dramatically over the past decade making it accessible worldwide.,What converts sunlight into electricity in solar panels?,Coal generators,B,0
syn_78,The Great Wall of China stretches over 21196 kilometers across northern China. It was built to protect Chinese states from northern invasions beginning as early as the 7th century BC. It remains one of the greatest architectural feats in history.,How long is the Great Wall of China?,21196 kilometers,C,1
syn_79,Photosynthesis is the process by which plants use sunlight water and carbon dioxide to produce oxygen and sugar. It takes place in chloroplasts inside plant leaves. Chlorophyll absorbs sunlight and is fundamental to all life on Earth.,Where does photosynthesis primarily take place?,In the flowers,D,0
syn_80,The Amazon rainforest is the world's largest tropical rainforest covering most of the Amazon basin. It represents over half of the planet's remaining rainforests and is home to three million species. Deforestation remains a critical threat driven by cattle ranching and agriculture.,What is the main threat to the Amazon rainforest?,Tourism,A,0
syn_81,The human brain weighs about 1.4 kilograms and contains approximately 86 billion neurons. The cerebrum controls thinking memory and voluntary movement. The cerebellum coordinates balance. Scientists continue discovering new facts about brain information processing.,What does the cerebrum control?,Body temperature,B,0
syn_82,Solar energy converts sunlight into electrical energy using photovoltaic cells in solar panels. It is the cleanest most abundant renewable energy source. Solar costs have dropped dramatically over the past decade making it accessible worldwide.,What converts sunlight into electricity in solar panels?,Photovoltaic cells,C,1
syn_83,The Great Wall of China stretches over 21196 kilometers across northern China. It was built to protect Chinese states from northern invasions beginning as early as the 7th century BC. It remains one of the greatest architectural feats in history.,How long is the Great Wall of China?,50000 kilometers,D,0
syn_84,Photosynthesis is the process by which plants use sunlight water and carbon dioxide to produce oxygen and sugar. It takes place in chloroplasts inside plant leaves. Chlorophyll absorbs sunlight and is fundamental to all life on Earth.,Where does photosynthesis primarily take place?,In the stem,A,0
syn_85,The Amazon rainforest is the world's largest tropical rainforest covering most of the Amazon basin. It represents over half of the planet's remaining rainforests and is home to three million species. Deforestation remains a critical threat driven by cattle ranching and agriculture.,What is the main threat to the Amazon rainforest?,Tourism,B,0
syn_86,The human brain weighs about 1.4 kilograms and contains approximately 86 billion neurons. The cerebrum controls thinking memory and voluntary movement. The cerebellum coordinates balance. Scientists continue discovering new facts about brain information processing.,What does the cerebrum control?,Thinking memory and voluntary movement,C,1
syn_87,Solar energy converts sunlight into electrical energy using photovoltaic cells in solar panels. It is the cleanest most abundant renewable energy source. Solar costs have dropped dramatically over the past decade making it accessible worldwide.,What converts sunlight into electricity in solar panels?,Hydroelectric dams,D,0
syn_88,The Great Wall of China stretches over 21196 kilometers across northern China. It was built to protect Chinese states from northern invasions beginning as early as the 7th century BC. It remains one of the greatest architectural feats in history.,How long is the Great Wall of China?,10000 kilometers,A,0
syn_89,Photosynthesis is the process by which plants use sunlight water and carbon dioxide to produce oxygen and sugar. It takes place in chloroplasts inside plant leaves. Chlorophyll absorbs sunlight and is fundamental to all life on Earth.,Where does photosynthesis primarily take place?,In the stem,B,0
syn_90,The Amazon rainforest is the world's largest tropical rainforest covering most of the Amazon basin. It represents over half of the planet's remaining rainforests and is home to three million species. Deforestation remains a critical threat driven by cattle ranching and agriculture.,What is the main threat to the Amazon rainforest?,Deforestation,C,1
syn_91,The human brain weighs about 1.4 kilograms and contains approximately 86 billion neurons. The cerebrum controls thinking memory and voluntary movement. The cerebellum coordinates balance. Scientists continue discovering new facts about brain information processing.,What does the cerebrum control?,Eye movement,D,0
syn_92,Solar energy converts sunlight into electrical energy using photovoltaic cells in solar panels. It is the cleanest most abundant renewable energy source. Solar costs have dropped dramatically over the past decade making it accessible worldwide.,What converts sunlight into electricity in solar panels?,Coal generators,A,0
syn_93,The Great Wall of China stretches over 21196 kilometers across northern China. It was built to protect Chinese states from northern invasions beginning as early as the 7th century BC. It remains one of the greatest architectural feats in history.,How long is the Great Wall of China?,10000 kilometers,B,0
syn_94,Photosynthesis is the process by which plants use sunlight water and carbon dioxide to produce oxygen and sugar. It takes place in chloroplasts inside plant leaves. Chlorophyll absorbs sunlight and is fundamental to all life on Earth.,Where does photosynthesis primarily take place?,In chloroplasts inside leaves,C,1
syn_95,The Amazon rainforest is the world's largest tropical rainforest covering most of the Amazon basin. It represents over half of the planet's remaining rainforests and is home to three million species. Deforestation remains a critical threat driven by cattle ranching and agriculture.,What is the main threat to the Amazon rainforest?,Earthquakes,D,0
syn_96,The human brain weighs about 1.4 kilograms and contains approximately 86 billion neurons. The cerebrum controls thinking memory and voluntary movement. The cerebellum coordinates balance. Scientists continue discovering new facts about brain information processing.,What does the cerebrum control?,Body temperature,A,0
syn_97,Solar energy converts sunlight into electrical energy using photovoltaic cells in solar panels. It is the cleanest most abundant renewable energy source. Solar costs have dropped dramatically over the past decade making it accessible worldwide.,What converts sunlight into electricity in solar panels?,Coal generators,B,0
syn_98,The Great Wall of China stretches over 21196 kilometers across northern China. It was built to protect Chinese states from northern invasions beginning as early as the 7th century BC. It remains one of the greatest architectural feats in history.,How long is the Great Wall of China?,21196 kilometers,C,1
syn_99,Photosynthesis is the process by which plants use sunlight water and carbon dioxide to produce oxygen and sugar. It takes place in chloroplasts inside plant leaves. Chlorophyll absorbs sunlight and is fundamental to all life on Earth.,Where does photosynthesis primarily take place?,In the flowers,D,0
syn_100,The Amazon rainforest is the world's largest tropical rainforest covering most of the Amazon basin. It represents over half of the planet's remaining rainforests and is home to three million species. Deforestation remains a critical threat driven by cattle ranching and agriculture.,What is the main threat to the Amazon rainforest?,Tourism,A,0
syn_101,The human brain weighs about 1.4 kilograms and contains approximately 86 billion neurons. The cerebrum controls thinking memory and voluntary movement. The cerebellum coordinates balance. Scientists continue discovering new facts about brain information processing.,What does the cerebrum control?,Body temperature,B,0
syn_102,Solar energy converts sunlight into electrical energy using photovoltaic cells in solar panels. It is the cleanest most abundant renewable energy source. Solar costs have dropped dramatically over the past decade making it accessible worldwide.,What converts sunlight into electricity in solar panels?,Photovoltaic cells,C,1
syn_103,The Great Wall of China stretches over 21196 kilometers across northern China. It was built to protect Chinese states from northern invasions beginning as early as the 7th century BC. It remains one of the greatest architectural feats in history.,How long is the Great Wall of China?,50000 kilometers,D,0
syn_104,Photosynthesis is the process by which plants use sunlight water and carbon dioxide to produce oxygen and sugar. It takes place in chloroplasts inside plant leaves. Chlorophyll absorbs sunlight and is fundamental to all life on Earth.,Where does photosynthesis primarily take place?,In the stem,A,0
syn_105,The Amazon rainforest is the world's largest tropical rainforest covering most of the Amazon basin. It represents over half of the planet's remaining rainforests and is home to three million species. Deforestation remains a critical threat driven by cattle ranching and agriculture.,What is the main threat to the Amazon rainforest?,Tourism,B,0
syn_106,The human brain weighs about 1.4 kilograms and contains approximately 86 billion neurons. The cerebrum controls thinking memory and voluntary movement. The cerebellum coordinates balance. Scientists continue discovering new facts about brain information processing.,What does the cerebrum control?,Thinking memory and voluntary movement,C,1
syn_107,Solar energy converts sunlight into electrical energy using photovoltaic cells in solar panels. It is the cleanest most abundant renewable energy source. Solar costs have dropped dramatically over the past decade making it accessible worldwide.,What converts sunlight into electricity in solar panels?,Hydroelectric dams,D,0
syn_108,The Great Wall of China stretches over 21196 kilometers across northern China. It was built to protect Chinese states from northern invasions beginning as early as the 7th century BC. It remains one of the greatest architectural feats in history.,How long is the Great Wall of China?,10000 kilometers,A,0
syn_109,Photosynthesis is the process by which plants use sunlight water and carbon dioxide to produce oxygen and sugar. It takes place in chloroplasts inside plant leaves. Chlorophyll absorbs sunlight and is fundamental to all life on Earth.,Where does photosynthesis primarily take place?,In the stem,B,0
syn_110,The Amazon rainforest is the world's largest tropical rainforest covering most of the Amazon basin. It represents over half of the planet's remaining rainforests and is home to three million species. Deforestation remains a critical threat driven by cattle ranching and agriculture.,What is the main threat to the Amazon rainforest?,Deforestation,C,1
syn_111,The human brain weighs about 1.4 kilograms and contains approximately 86 billion neurons. The cerebrum controls thinking memory and voluntary movement. The cerebellum coordinates balance. Scientists continue discovering new facts about brain information processing.,What does the cerebrum control?,Eye movement,D,0
syn_112,Solar energy converts sunlight into electrical energy using photovoltaic cells in solar panels. It is the cleanest most abundant renewable energy source. Solar costs have dropped dramatically over the past decade making it accessible worldwide.,What converts sunlight into electricity in solar panels?,Coal generators,A,0
syn_113,The Great Wall of China stretches over 21196 kilometers across northern China. It was built to protect Chinese states from northern invasions beginning as early as the 7th century BC. It remains one of the greatest architectural feats in history.,How long is the Great Wall of China?,10000 kilometers,B,0
syn_114,Photosynthesis is the process by which plants use sunlight water and carbon dioxide to produce oxygen and sugar. It takes place in chloroplasts inside plant leaves. Chlorophyll absorbs sunlight and is fundamental to all life on Earth.,Where does photosynthesis primarily take place?,In chloroplasts inside leaves,C,1
syn_115,The Amazon rainforest is the world's largest tropical rainforest covering most of the Amazon basin. It represents over half of the planet's remaining rainforests and is home to three million species. Deforestation remains a critical threat driven by cattle ranching and agriculture.,What is the main threat to the Amazon rainforest?,Earthquakes,D,0
syn_116,The human brain weighs about 1.4 kilograms and contains approximately 86 billion neurons. The cerebrum controls thinking memory and voluntary movement. The cerebellum coordinates balance. Scientists continue discovering new facts about brain information processing.,What does the cerebrum control?,Body temperature,A,0
syn_117,Solar energy converts sunlight into electrical energy using photovoltaic cells in solar panels. It is the cleanest most abundant renewable energy source. Solar costs have dropped dramatically over the past decade making it accessible worldwide.,What converts sunlight into electricity in solar panels?,Coal generators,B,0
syn_118,The Great Wall of China stretches over 21196 kilometers across northern China. It was built to protect Chinese states from northern invasions beginning as early as the 7th century BC. It remains one of the greatest architectural feats in history.,How long is the Great Wall of China?,21196 kilometers,C,1
syn_119,Photosynthesis is the process by which plants use sunlight water and carbon dioxide to produce oxygen and sugar. It takes place in chloroplasts inside plant leaves. Chlorophyll absorbs sunlight and is fundamental to all life on Earth.,Where does photosynthesis primarily take place?,In the flowers,D,0
syn_120,The Amazon rainforest is the world's largest tropical rainforest covering most of the Amazon basin. It represents over half of the planet's remaining rainforests and is home to three million species. Deforestation remains a critical threat driven by cattle ranching and agriculture.,What is the main threat to the Amazon rainforest?,Tourism,A,0
syn_121,The human brain weighs about 1.4 kilograms and contains approximately 86 billion neurons. The cerebrum controls thinking memory and voluntary movement. The cerebellum coordinates balance. Scientists continue discovering new facts about brain information processing.,What does the cerebrum control?,Body temperature,B,0
syn_122,Solar energy converts sunlight into electrical energy using photovoltaic cells in solar panels. It is the cleanest most abundant renewable energy source. Solar costs have dropped dramatically over the past decade making it accessible worldwide.,What converts sunlight into electricity in solar panels?,Photovoltaic cells,C,1
syn_123,The Great Wall of China stretches over 21196 kilometers across northern China. It was built to protect Chinese states from northern invasions beginning as early as the 7th century BC. It remains one of the greatest architectural feats in history.,How long is the Great Wall of China?,50000 kilometers,D,0
syn_124,Photosynthesis is the process by which plants use sunlight water and carbon dioxide to produce oxygen and sugar. It takes place in chloroplasts inside plant leaves. Chlorophyll absorbs sunlight and is fundamental to all life on Earth.,Where does photosynthesis primarily take place?,In the stem,A,0
syn_125,The Amazon rainforest is the world's largest tropical rainforest covering most of the Amazon basin. It represents over half of the planet's remaining rainforests and is home to three million species. Deforestation remains a critical threat driven by cattle ranching and agriculture.,What is the main threat to the Amazon rainforest?,Tourism,B,0
syn_126,The human brain weighs about 1.4 kilograms and contains approximately 86 billion neurons. The cerebrum controls thinking memory and voluntary movement. The cerebellum coordinates balance. Scientists continue discovering new facts about brain information processing.,What does the cerebrum control?,Thinking memory and voluntary movement,C,1
syn_127,Solar energy converts sunlight into electrical energy using photovoltaic cells in solar panels. It is the cleanest most abundant renewable energy source. Solar costs have dropped dramatically over the past decade making it accessible worldwide.,What converts sunlight into electricity in solar panels?,Hydroelectric dams,D,0
syn_128,The Great Wall of China stretches over 21196 kilometers across northern China. It was built to protect Chinese states from northern invasions beginning as early as the 7th century BC. It remains one of the greatest architectural feats in history.,How long is the Great Wall of China?,10000 kilometers,A,0
syn_129,Photosynthesis is the process by which plants use sunlight water and carbon dioxide to produce oxygen and sugar. It takes place in chloroplasts inside plant leaves. Chlorophyll absorbs sunlight and is fundamental to all life on Earth.,Where does photosynthesis primarily take place?,In the stem,B,0
syn_130,The Amazon rainforest is the world's largest tropical rainforest covering most of the Amazon basin. It represents over half of the planet's remaining rainforests and is home to three million species. Deforestation remains a critical threat driven by cattle ranching and agriculture.,What is the main threat to the Amazon rainforest?,Deforestation,C,1
syn_131,The human brain weighs about 1.4 kilograms and contains approximately 86 billion neurons. The cerebrum controls thinking memory and voluntary movement. The cerebellum coordinates balance. Scientists continue discovering new facts about brain information processing.,What does the cerebrum control?,Eye movement,D,0
syn_132,Solar energy converts sunlight into electrical energy using photovoltaic cells in solar panels. It is the cleanest most abundant renewable energy source. Solar costs have dropped dramatically over the past decade making it accessible worldwide.,What converts sunlight into electricity in solar panels?,Coal generators,A,0
syn_133,The Great Wall of China stretches over 21196 kilometers across northern China. It was built to protect Chinese states from northern invasions beginning as early as the 7th century BC. It remains one of the greatest architectural feats in history.,How long is the Great Wall of China?,10000 kilometers,B,0
syn_134,Photosynthesis is the process by which plants use sunlight water and carbon dioxide to produce oxygen and sugar. It takes place in chloroplasts inside plant leaves. Chlorophyll absorbs sunlight and is fundamental to all life on Earth.,Where does photosynthesis primarily take place?,In chloroplasts inside leaves,C,1
syn_135,The Amazon rainforest is the world's largest tropical rainforest covering most of the Amazon basin. It represents over half of the planet's remaining rainforests and is home to three million species. Deforestation remains a critical threat driven by cattle ranching and agriculture.,What is the main threat to the Amazon rainforest?,Earthquakes,D,0
syn_136,The human brain weighs about 1.4 kilograms and contains approximately 86 billion neurons. The cerebrum controls thinking memory and voluntary movement. The cerebellum coordinates balance. Scientists continue discovering new facts about brain information processing.,What does the cerebrum control?,Body temperature,A,0
syn_137,Solar energy converts sunlight into electrical energy using photovoltaic cells in solar panels. It is the cleanest most abundant renewable energy source. Solar costs have dropped dramatically over the past decade making it accessible worldwide.,What converts sunlight into electricity in solar panels?,Coal generators,B,0
syn_138,The Great Wall of China stretches over 21196 kilometers across northern China. It was built to protect Chinese states from northern invasions beginning as early as the 7th century BC. It remains one of the greatest architectural feats in history.,How long is the Great Wall of China?,21196 kilometers,C,1
syn_139,Photosynthesis is the process by which plants use sunlight water and carbon dioxide to produce oxygen and sugar. It takes place in chloroplasts inside plant leaves. Chlorophyll absorbs sunlight and is fundamental to all life on Earth.,Where does photosynthesis primarily take place?,In the flowers,D,0
syn_140,The Amazon rainforest is the world's largest tropical rainforest covering most of the Amazon basin. It represents over half of the planet's remaining rainforests and is home to three million species. Deforestation remains a critical threat driven by cattle ranching and agriculture.,What is the main threat to the Amazon rainforest?,Tourism,A,0
syn_141,The human brain weighs about 1.4 kilograms and contains approximately 86 billion neurons. The cerebrum controls thinking memory and voluntary movement. The cerebellum coordinates balance. Scientists continue discovering new facts about brain information processing.,What does the cerebrum control?,Body temperature,B,0
syn_142,Solar energy converts sunlight into electrical energy using photovoltaic cells in solar panels. It is the cleanest most abundant renewable energy source. Solar costs have dropped dramatically over the past decade making it accessible worldwide.,What converts sunlight into electricity in solar panels?,Photovoltaic cells,C,1
syn_143,The Great Wall of China stretches over 21196 kilometers across northern China. It was built to protect Chinese states from northern invasions beginning as early as the 7th century BC. It remains one of the greatest architectural feats in history.,How long is the Great Wall of China?,50000 kilometers,D,0
syn_144,Photosynthesis is the process by which plants use sunlight water and carbon dioxide to produce oxygen and sugar. It takes place in chloroplasts inside plant leaves. Chlorophyll absorbs sunlight and is fundamental to all life on Earth.,Where does photosynthesis primarily take place?,In the stem,A,0
syn_145,The Amazon rainforest is the world's largest tropical rainforest covering most of the Amazon basin. It represents over half of the planet's remaining rainforests and is home to three million species. Deforestation remains a critical threat driven by cattle ranching and agriculture.,What is the main threat to the Amazon rainforest?,Tourism,B,0
syn_146,The human brain weighs about 1.4 kilograms and contains approximately 86 billion neurons. The cerebrum controls thinking memory and voluntary movement. The cerebellum coordinates balance. Scientists continue discovering new facts about brain information processing.,What does the cerebrum control?,Thinking memory and voluntary movement,C,1
syn_147,Solar energy converts sunlight into electrical energy using photovoltaic cells in solar panels. It is the cleanest most abundant renewable energy source. Solar costs have dropped dramatically over the past decade making it accessible worldwide.,What converts sunlight into electricity in solar panels?,Hydroelectric dams,D,0
syn_148,The Great Wall of China stretches over 21196 kilometers across northern China. It was built to protect Chinese states from northern invasions beginning as early as the 7th century BC. It remains one of the greatest architectural feats in history.,How long is the Great Wall of China?,10000 kilometers,A,0
syn_149,Photosynthesis is the process by which plants use sunlight water and carbon dioxide to produce oxygen and sugar. It takes place in chloroplasts inside plant leaves. Chlorophyll absorbs sunlight and is fundamental to all life on Earth.,Where does photosynthesis primarily take place?,In the stem,B,0
syn_150,The Amazon rainforest is the world's largest tropical rainforest covering most of the Amazon basin. It represents over half of the planet's remaining rainforests and is home to three million species. Deforestation remains a critical threat driven by cattle ranching and agriculture.,What is the main threat to the Amazon rainforest?,Deforestation,C,1
syn_151,The human brain weighs about 1.4 kilograms and contains approximately 86 billion neurons. The cerebrum controls thinking memory and voluntary movement. The cerebellum coordinates balance. Scientists continue discovering new facts about brain information processing.,What does the cerebrum control?,Eye movement,D,0
syn_152,Solar energy converts sunlight into electrical energy using photovoltaic cells in solar panels. It is the cleanest most abundant renewable energy source. Solar costs have dropped dramatically over the past decade making it accessible worldwide.,What converts sunlight into electricity in solar panels?,Coal generators,A,0
syn_153,The Great Wall of China stretches over 21196 kilometers across northern China. It was built to protect Chinese states from northern invasions beginning as early as the 7th century BC. It remains one of the greatest architectural feats in history.,How long is the Great Wall of China?,10000 kilometers,B,0
syn_154,Photosynthesis is the process by which plants use sunlight water and carbon dioxide to produce oxygen and sugar. It takes place in chloroplasts inside plant leaves. Chlorophyll absorbs sunlight and is fundamental to all life on Earth.,Where does photosynthesis primarily take place?,In chloroplasts inside leaves,C,1
syn_155,The Amazon rainforest is the world's largest tropical rainforest covering most of the Amazon basin. It represents over half of the planet's remaining rainforests and is home to three million species. Deforestation remains a critical threat driven by cattle ranching and agriculture.,What is the main threat to the Amazon rainforest?,Earthquakes,D,0
syn_156,The human brain weighs about 1.4 kilograms and contains approximately 86 billion neurons. The cerebrum controls thinking memory and voluntary movement. The cerebellum coordinates balance. Scientists continue discovering new facts about brain information processing.,What does the cerebrum control?,Body temperature,A,0
syn_157,Solar energy converts sunlight into electrical energy using photovoltaic cells in solar panels. It is the cleanest most abundant renewable energy source. Solar costs have dropped dramatically over the past decade making it accessible worldwide.,What converts sunlight into electricity in solar panels?,Coal generators,B,0
syn_158,The Great Wall of China stretches over 21196 kilometers across northern China. It was built to protect Chinese states from northern invasions beginning as early as the 7th century BC. It remains one of the greatest architectural feats in history.,How long is the Great Wall of China?,21196 kilometers,C,1
syn_159,Photosynthesis is the process by which plants use sunlight water and carbon dioxide to produce oxygen and sugar. It takes place in chloroplasts inside plant leaves. Chlorophyll absorbs sunlight and is fundamental to all life on Earth.,Where does photosynthesis primarily take place?,In the flowers,D,0
syn_160,The Amazon rainforest is the world's largest tropical rainforest covering most of the Amazon basin. It represents over half of the planet's remaining rainforests and is home to three million species. Deforestation remains a critical threat driven by cattle ranching and agriculture.,What is the main threat to the Amazon rainforest?,Tourism,A,0
syn_161,The human brain weighs about 1.4 kilograms and contains approximately 86 billion neurons. The cerebrum controls thinking memory and voluntary movement. The cerebellum coordinates balance. Scientists continue discovering new facts about brain information processing.,What does the cerebrum control?,Body temperature,B,0
syn_162,Solar energy converts sunlight into electrical energy using photovoltaic cells in solar panels. It is the cleanest most abundant renewable energy source. Solar costs have dropped dramatically over the past decade making it accessible worldwide.,What converts sunlight into electricity in solar panels?,Photovoltaic cells,C,1
syn_163,The Great Wall of China stretches over 21196 kilometers across northern China. It was built to protect Chinese states from northern invasions beginning as early as the 7th century BC. It remains one of the greatest architectural feats in history.,How long is the Great Wall of China?,50000 kilometers,D,0
syn_164,Photosynthesis is the process by which plants use sunlight water and carbon dioxide to produce oxygen and sugar. It takes place in chloroplasts inside plant leaves. Chlorophyll absorbs sunlight and is fundamental to all life on Earth.,Where does photosynthesis primarily take place?,In the stem,A,0
syn_165,The Amazon rainforest is the world's largest tropical rainforest covering most of the Amazon basin. It represents over half of the planet's remaining rainforests and is home to three million species. Deforestation remains a critical threat driven by cattle ranching and agriculture.,What is the main threat to the Amazon rainforest?,Tourism,B,0
syn_166,The human brain weighs about 1.4 kilograms and contains approximately 86 billion neurons. The cerebrum controls thinking memory and voluntary movement. The cerebellum coordinates balance. Scientists continue discovering new facts about brain information processing.,What does the cerebrum control?,Thinking memory and voluntary movement,C,1
syn_167,Solar energy converts sunlight into electrical energy using photovoltaic cells in solar panels. It is the cleanest most abundant renewable energy source. Solar costs have dropped dramatically over the past decade making it accessible worldwide.,What converts sunlight into electricity in solar panels?,Hydroelectric dams,D,0
syn_168,The Great Wall of China stretches over 21196 kilometers across northern China. It was built to protect Chinese states from northern invasions beginning as early as the 7th century BC. It remains one of the greatest architectural feats in history.,How long is the Great Wall of China?,10000 kilometers,A,0
syn_169,Photosynthesis is the process by which plants use sunlight water and carbon dioxide to produce oxygen and sugar. It takes place in chloroplasts inside plant leaves. Chlorophyll absorbs sunlight and is fundamental to all life on Earth.,Where does photosynthesis primarily take place?,In the stem,B,0
syn_170,The Amazon rainforest is the world's largest tropical rainforest covering most of the Amazon basin. It represents over half of the planet's remaining rainforests and is home to three million species. Deforestation remains a critical threat driven by cattle ranching and agriculture.,What is the main threat to the Amazon rainforest?,Deforestation,C,1
syn_171,The human brain weighs about 1.4 kilograms and contains approximately 86 billion neurons. The cerebrum controls thinking memory and voluntary movement. The cerebellum coordinates balance. Scientists continue discovering new facts about brain information processing.,What does the cerebrum control?,Eye movement,D,0
syn_172,Solar energy converts sunlight into electrical energy using photovoltaic cells in solar panels. It is the cleanest most abundant renewable energy source. Solar costs have dropped dramatically over the past decade making it accessible worldwide.,What converts sunlight into electricity in solar panels?,Coal generators,A,0
syn_173,The Great Wall of China stretches over 21196 kilometers across northern China. It was built to protect Chinese states from northern invasions beginning as early as the 7th century BC. It remains one of the greatest architectural feats in history.,How long is the Great Wall of China?,10000 kilometers,B,0
syn_174,Photosynthesis is the process by which plants use sunlight water and carbon dioxide to produce oxygen and sugar. It takes place in chloroplasts inside plant leaves. Chlorophyll absorbs sunlight and is fundamental to all life on Earth.,Where does photosynthesis primarily take place?,In chloroplasts inside leaves,C,1
syn_175,The Amazon rainforest is the world's largest tropical rainforest covering most of the Amazon basin. It represents over half of the planet's remaining rainforests and is home to three million species. Deforestation remains a critical threat driven by cattle ranching and agriculture.,What is the main threat to the Amazon rainforest?,Earthquakes,D,0
syn_176,The human brain weighs about 1.4 kilograms and contains approximately 86 billion neurons. The cerebrum controls thinking memory and voluntary movement. The cerebellum coordinates balance. Scientists continue discovering new facts about brain information processing.,What does the cerebrum control?,Body temperature,A,0
syn_177,Solar energy converts sunlight into electrical energy using photovoltaic cells in solar panels. It is the cleanest most abundant renewable energy source. Solar costs have dropped dramatically over the past decade making it accessible worldwide.,What converts sunlight into electricity in solar panels?,Coal generators,B,0
syn_178,The Great Wall of China stretches over 21196 kilometers across northern China. It was built to protect Chinese states from northern invasions beginning as early as the 7th century BC. It remains one of the greatest architectural feats in history.,How long is the Great Wall of China?,21196 kilometers,C,1
syn_179,Photosynthesis is the process by which plants use sunlight water and carbon dioxide to produce oxygen and sugar. It takes place in chloroplasts inside plant leaves. Chlorophyll absorbs sunlight and is fundamental to all life on Earth.,Where does photosynthesis primarily take place?,In the flowers,D,0
syn_180,The Amazon rainforest is the world's largest tropical rainforest covering most of the Amazon basin. It represents over half of the planet's remaining rainforests and is home to three million species. Deforestation remains a critical threat driven by cattle ranching and agriculture.,What is the main threat to the Amazon rainforest?,Tourism,A,0
syn_181,The human brain weighs about 1.4 kilograms and contains approximately 86 billion neurons. The cerebrum controls thinking memory and voluntary movement. The cerebellum coordinates balance. Scientists continue discovering new facts about brain information processing.,What does the cerebrum control?,Body temperature,B,0
syn_182,Solar energy converts sunlight into electrical energy using photovoltaic cells in solar panels. It is the cleanest most abundant renewable energy source. Solar costs have dropped dramatically over the past decade making it accessible worldwide.,What converts sunlight into electricity in solar panels?,Photovoltaic cells,C,1
syn_183,The Great Wall of China stretches over 21196 kilometers across northern China. It was built to protect Chinese states from northern invasions beginning as early as the 7th century BC. It remains one of the greatest architectural feats in history.,How long is the Great Wall of China?,50000 kilometers,D,0
syn_184,Photosynthesis is the process by which plants use sunlight water and carbon dioxide to produce oxygen and sugar. It takes place in chloroplasts inside plant leaves. Chlorophyll absorbs sunlight and is fundamental to all life on Earth.,Where does photosynthesis primarily take place?,In the stem,A,0
syn_185,The Amazon rainforest is the world's largest tropical rainforest covering most of the Amazon basin. It represents over half of the planet's remaining rainforests and is home to three million species. Deforestation remains a critical threat driven by cattle ranching and agriculture.,What is the main threat to the Amazon rainforest?,Tourism,B,0
syn_186,The human brain weighs about 1.4 kilograms and contains approximately 86 billion neurons. The cerebrum controls thinking memory and voluntary movement. The cerebellum coordinates balance. Scientists continue discovering new facts about brain information processing.,What does the cerebrum control?,Thinking memory and voluntary movement,C,1
syn_187,Solar energy converts sunlight into electrical energy using photovoltaic cells in solar panels. It is the cleanest most abundant renewable energy source. Solar costs have dropped dramatically over the past decade making it accessible worldwide.,What converts sunlight into electricity in solar panels?,Hydroelectric dams,D,0
syn_188,The Great Wall of China stretches over 21196 kilometers across northern China. It was built to protect Chinese states from northern invasions beginning as early as the 7th century BC. It remains one of the greatest architectural feats in history.,How long is the Great Wall of China?,10000 kilometers,A,0
syn_189,Photosynthesis is the process by which plants use sunlight water and carbon dioxide to produce oxygen and sugar. It takes place in chloroplasts inside plant leaves. Chlorophyll absorbs sunlight and is fundamental to all life on Earth.,Where does photosynthesis primarily take place?,In the stem,B,0
syn_190,The Amazon rainforest is the world's largest tropical rainforest covering most of the Amazon basin. It represents over half of the planet's remaining rainforests and is home to three million species. Deforestation remains a critical threat driven by cattle ranching and agriculture.,What is the main threat to the Amazon rainforest?,Deforestation,C,1
syn_191,The human brain weighs about 1.4 kilograms and contains approximately 86 billion neurons. The cerebrum controls thinking memory and voluntary movement. The cerebellum coordinates balance. Scientists continue discovering new facts about brain information processing.,What does the cerebrum control?,Eye movement,D,0
syn_192,Solar energy converts sunlight into electrical energy using photovoltaic cells in solar panels. It is the cleanest most abundant renewable energy source. Solar costs have dropped dramatically over the past decade making it accessible worldwide.,What converts sunlight into electricity in solar panels?,Coal generators,A,0
syn_193,The Great Wall of China stretches over 21196 kilometers across northern China. It was built to protect Chinese states from northern invasions beginning as early as the 7th century BC. It remains one of the greatest architectural feats in history.,How long is the Great Wall of China?,10000 kilometers,B,0
syn_194,Photosynthesis is the process by which plants use sunlight water and carbon dioxide to produce oxygen and sugar. It takes place in chloroplasts inside plant leaves. Chlorophyll absorbs sunlight and is fundamental to all life on Earth.,Where does photosynthesis primarily take place?,In chloroplasts inside leaves,C,1
syn_195,The Amazon rainforest is the world's largest tropical rainforest covering most of the Amazon basin. It represents over half of the planet's remaining rainforests and is home to three million species. Deforestation remains a critical threat driven by cattle ranching and agriculture.,What is the main threat to the Amazon rainforest?,Earthquakes,D,0
syn_196,The human brain weighs about 1.4 kilograms and contains approximately 86 billion neurons. The cerebrum controls thinking memory and voluntary movement. The cerebellum coordinates balance. Scientists continue discovering new facts about brain information processing.,What does the cerebrum control?,Body temperature,A,0
syn_197,Solar energy converts sunlight into electrical energy using photovoltaic cells in solar panels. It is the cleanest most abundant renewable energy source. Solar costs have dropped dramatically over the past decade making it accessible worldwide.,What converts sunlight into electricity in solar panels?,Coal generators,B,0
syn_198,The Great Wall of China stretches over 21196 kilometers across northern China. It was built to protect Chinese states from northern invasions beginning as early as the 7th century BC. It remains one of the greatest architectural feats in history.,How long is the Great Wall of China?,21196 kilometers,C,1
syn_199,Photosynthesis is the process by which plants use sunlight water and carbon dioxide to produce oxygen and sugar. It takes place in chloroplasts inside plant leaves. Chlorophyll absorbs sunlight and is fundamental to all life on Earth.,Where does photosynthesis primarily take place?,In the flowers,D,0
syn_0,The Amazon rainforest is the world's largest tropical rainforest covering most of the Amazon basin. It represents over half of the planet's remaining rainforests and is home to three million species. Deforestation remains a critical threat driven by cattle ranching and agriculture.,What is the main threat to the Amazon rainforest?,Earthquakes,A,0
syn_1,The human brain weighs about 1.4 kilograms and contains approximately 86 billion neurons. The cerebrum controls thinking memory and voluntary movement. The cerebellum coordinates balance. Scientists continue discovering new facts about brain information processing.,What does the cerebrum control?,Eye movement,B,0
syn_2,Solar energy converts sunlight into electrical energy using photovoltaic cells in solar panels. It is the cleanest most abundant renewable energy source. Solar costs have dropped dramatically over the past decade making it accessible worldwide.,What converts sunlight into electricity in solar panels?,Hydroelectric dams,C,0
syn_3,The Great Wall of China stretches over 21196 kilometers across northern China. It was built to protect Chinese states from northern invasions beginning as early as the 7th century BC. It remains one of the greatest architectural feats in history.,How long is the Great Wall of China?,21196 kilometers,D,1
syn_4,Photosynthesis is the process by which plants use sunlight water and carbon dioxide to produce oxygen and sugar. It takes place in chloroplasts inside plant leaves. Chlorophyll absorbs sunlight and is fundamental to all life on Earth.,Where does photosynthesis primarily take place?,In the flowers,A,0
syn_5,The Amazon rainforest is the world's largest tropical rainforest covering most of the Amazon basin. It represents over half of the planet's remaining rainforests and is home to three million species. Deforestation remains a critical threat driven by cattle ranching and agriculture.,What is the main threat to the Amazon rainforest?,Earthquakes,B,0
syn_6,The human brain weighs about 1.4 kilograms and contains approximately 86 billion neurons. The cerebrum controls thinking memory and voluntary movement. The cerebellum coordinates balance. Scientists continue discovering new facts about brain information processing.,What does the cerebrum control?,Eye movement,C,0
syn_7,Solar energy converts sunlight into electrical energy using photovoltaic cells in solar panels. It is the cleanest most abundant renewable energy source. Solar costs have dropped dramatically over the past decade making it accessible worldwide.,What converts sunlight into electricity in solar panels?,Photovoltaic cells,D,1
syn_8,The Great Wall of China stretches over 21196 kilometers across northern China. It was built to protect Chinese states from northern invasions beginning as early as the 7th century BC. It remains one of the greatest architectural feats in history.,How long is the Great Wall of China?,50000 kilometers,A,0
syn_9,Photosynthesis is the process by which plants use sunlight water and carbon dioxide to produce oxygen and sugar. It takes place in chloroplasts inside plant leaves. Chlorophyll absorbs sunlight and is fundamental to all life on Earth.,Where does photosynthesis primarily take place?,In the flowers,B,0
syn_10,The Amazon rainforest is the world's largest tropical rainforest covering most of the Amazon basin. It represents over half of the planet's remaining rainforests and is home to three million species. Deforestation remains a critical threat driven by cattle ranching and agriculture.,What is the main threat to the Amazon rainforest?,Earthquakes,C,0
syn_11,The human brain weighs about 1.4 kilograms and contains approximately 86 billion neurons. The cerebrum controls thinking memory and voluntary movement. The cerebellum coordinates balance. Scientists continue discovering new facts about brain information processing.,What does the cerebrum control?,Thinking memory and voluntary movement,D,1
syn_12,Solar energy converts sunlight into electrical energy using photovoltaic cells in solar panels. It is the cleanest most abundant renewable energy source. Solar costs have dropped dramatically over the past decade making it accessible worldwide.,What converts sunlight into electricity in solar panels?,Hydroelectric dams,A,0
syn_13,The Great Wall of China stretches over 21196 kilometers across northern China. It was built to protect Chinese states from northern invasions beginning as early as the 7th century BC. It remains one of the greatest architectural feats in history.,How long is the Great Wall of China?,50000 kilometers,B,0
syn_14,Photosynthesis is the process by which plants use sunlight water and carbon dioxide to produce oxygen and sugar. It takes place in chloroplasts inside plant leaves. Chlorophyll absorbs sunlight and is fundamental to all life on Earth.,Where does photosynthesis primarily take place?,In the flowers,C,0
syn_15,The Amazon rainforest is the world's largest tropical rainforest covering most of the Amazon basin. It represents over half of the planet's remaining rainforests and is home to three million species. Deforestation remains a critical threat driven by cattle ranching and agriculture.,What is the main threat to the Amazon rainforest?,Deforestation,D,1
syn_16,The human brain weighs about 1.4 kilograms and contains approximately 86 billion neurons. The cerebrum controls thinking memory and voluntary movement. The cerebellum coordinates balance. Scientists continue discovering new facts about brain information processing.,What does the cerebrum control?,Eye movement,A,0
syn_17,Solar energy converts sunlight into electrical energy using photovoltaic cells in solar panels. It is the cleanest most abundant renewable energy source. Solar costs have dropped dramatically over the past decade making it accessible worldwide.,What converts sunlight into electricity in solar panels?,Hydroelectric dams,B,0
syn_18,The Great Wall of China stretches over 21196 kilometers across northern China. It was built to protect Chinese states from northern invasions beginning as early as the 7th century BC. It remains one of the greatest architectural feats in history.,How long is the Great Wall of China?,50000 kilometers,C,0
syn_19,Photosynthesis is the process by which plants use sunlight water and carbon dioxide to produce oxygen and sugar. It takes place in chloroplasts inside plant leaves. Chlorophyll absorbs sunlight and is fundamental to all life on Earth.,Where does photosynthesis primarily take place?,In chloroplasts inside leaves,D,1
syn_20,The Amazon rainforest is the world's largest tropical rainforest covering most of the Amazon basin. It represents over half of the planet's remaining rainforests and is home to three million species. Deforestation remains a critical threat driven by cattle ranching and agriculture.,What is the main threat to the Amazon rainforest?,Earthquakes,A,0
syn_21,The human brain weighs about 1.4 kilograms and contains approximately 86 billion neurons. The cerebrum controls thinking memory and voluntary movement. The cerebellum coordinates balance. Scientists continue discovering new facts about brain information processing.,What does the cerebrum control?,Eye movement,B,0
syn_22,Solar energy converts sunlight into electrical energy using photovoltaic cells in solar panels. It is the cleanest most abundant renewable energy source. Solar costs have dropped dramatically over the past decade making it accessible worldwide.,What converts sunlight into electricity in solar panels?,Hydroelectric dams,C,0
syn_23,The Great Wall of China stretches over 21196 kilometers across northern China. It was built to protect Chinese states from northern invasions beginning as early as the 7th century BC. It remains one of the greatest architectural feats in history.,How long is the Great Wall of China?,21196 kilometers,D,1
syn_24,Photosynthesis is the process by which plants use sunlight water and carbon dioxide to produce oxygen and sugar. It takes place in chloroplasts inside plant leaves. Chlorophyll absorbs sunlight and is fundamental to all life on Earth.,Where does photosynthesis primarily take place?,In the flowers,A,0
syn_25,The Amazon rainforest is the world's largest tropical rainforest covering most of the Amazon basin. It represents over half of the planet's remaining rainforests and is home to three million species. Deforestation remains a critical threat driven by cattle ranching and agriculture.,What is the main threat to the Amazon rainforest?,Earthquakes,B,0
syn_26,The human brain weighs about 1.4 kilograms and contains approximately 86 billion neurons. The cerebrum controls thinking memory and voluntary movement. The cerebellum coordinates balance. Scientists continue discovering new facts about brain information processing.,What does the cerebrum control?,Eye movement,C,0
syn_27,Solar energy converts sunlight into electrical energy using photovoltaic cells in solar panels. It is the cleanest most abundant renewable energy source. Solar costs have dropped dramatically over the past decade making it accessible worldwide.,What converts sunlight into electricity in solar panels?,Photovoltaic cells,D,1
syn_28,The Great Wall of China stretches over 21196 kilometers across northern China. It was built to protect Chinese states from northern invasions beginning as early as the 7th century BC. It remains one of the greatest architectural feats in history.,How long is the Great Wall of China?,50000 kilometers,A,0
syn_29,Photosynthesis is the process by which plants use sunlight water and carbon dioxide to produce oxygen and sugar. It takes place in chloroplasts inside plant leaves. Chlorophyll absorbs sunlight and is fundamental to all life on Earth.,Where does photosynthesis primarily take place?,In the flowers,B,0
syn_30,The Amazon rainforest is the world's largest tropical rainforest covering most of the Amazon basin. It represents over half of the planet's remaining rainforests and is home to three million species. Deforestation remains a critical threat driven by cattle ranching and agriculture.,What is the main threat to the Amazon rainforest?,Earthquakes,C,0
syn_31,The human brain weighs about 1.4 kilograms and contains approximately 86 billion neurons. The cerebrum controls thinking memory and voluntary movement. The cerebellum coordinates balance. Scientists continue discovering new facts about brain information processing.,What does the cerebrum control?,Thinking memory and voluntary movement,D,1
syn_32,Solar energy converts sunlight into electrical energy using photovoltaic cells in solar panels. It is the cleanest most abundant renewable energy source. Solar costs have dropped dramatically over the past decade making it accessible worldwide.,What converts sunlight into electricity in solar panels?,Hydroelectric dams,A,0
syn_33,The Great Wall of China stretches over 21196 kilometers across northern China. It was built to protect Chinese states from northern invasions beginning as early as the 7th century BC. It remains one of the greatest architectural feats in history.,How long is the Great Wall of China?,50000 kilometers,B,0
syn_34,Photosynthesis is the process by which plants use sunlight water and carbon dioxide to produce oxygen and sugar. It takes place in chloroplasts inside plant leaves. Chlorophyll absorbs sunlight and is fundamental to all life on Earth.,Where does photosynthesis primarily take place?,In the flowers,C,0
syn_35,The Amazon rainforest is the world's largest tropical rainforest covering most of the Amazon basin. It represents over half of the planet's remaining rainforests and is home to three million species. Deforestation remains a critical threat driven by cattle ranching and agriculture.,What is the main threat to the Amazon rainforest?,Deforestation,D,1
syn_36,The human brain weighs about 1.4 kilograms and contains approximately 86 billion neurons. The cerebrum controls thinking memory and voluntary movement. The cerebellum coordinates balance. Scientists continue discovering new facts about brain information processing.,What does the cerebrum control?,Eye movement,A,0
syn_37,Solar energy converts sunlight into electrical energy using photovoltaic cells in solar panels. It is the cleanest most abundant renewable energy source. Solar costs have dropped dramatically over the past decade making it accessible worldwide.,What converts sunlight into electricity in solar panels?,Hydroelectric dams,B,0
syn_38,The Great Wall of China stretches over 21196 kilometers across northern China. It was built to protect Chinese states from northern invasions beginning as early as the 7th century BC. It remains one of the greatest architectural feats in history.,How long is the Great Wall of China?,50000 kilometers,C,0
syn_39,Photosynthesis is the process by which plants use sunlight water and carbon dioxide to produce oxygen and sugar. It takes place in chloroplasts inside plant leaves. Chlorophyll absorbs sunlight and is fundamental to all life on Earth.,Where does photosynthesis primarily take place?,In chloroplasts inside leaves,D,1
syn_40,The Amazon rainforest is the world's largest tropical rainforest covering most of the Amazon basin. It represents over half of the planet's remaining rainforests and is home to three million species. Deforestation remains a critical threat driven by cattle ranching and agriculture.,What is the main threat to the Amazon rainforest?,Earthquakes,A,0
syn_41,The human brain weighs about 1.4 kilograms and contains approximately 86 billion neurons. The cerebrum controls thinking memory and voluntary movement. The cerebellum coordinates balance. Scientists continue discovering new facts about brain information processing.,What does the cerebrum control?,Eye movement,B,0
syn_42,Solar energy converts sunlight into electrical energy using photovoltaic cells in solar panels. It is the cleanest most abundant renewable energy source. Solar costs have dropped dramatically over the past decade making it accessible worldwide.,What converts sunlight into electricity in solar panels?,Hydroelectric dams,C,0
syn_43,The Great Wall of China stretches over 21196 kilometers across northern China. It was built to protect Chinese states from northern invasions beginning as early as the 7th century BC. It remains one of the greatest architectural feats in history.,How long is the Great Wall of China?,21196 kilometers,D,1
syn_44,Photosynthesis is the process by which plants use sunlight water and carbon dioxide to produce oxygen and sugar. It takes place in chloroplasts inside plant leaves. Chlorophyll absorbs sunlight and is fundamental to all life on Earth.,Where does photosynthesis primarily take place?,In the flowers,A,0
syn_45,The Amazon rainforest is the world's largest tropical rainforest covering most of the Amazon basin. It represents over half of the planet's remaining rainforests and is home to three million species. Deforestation remains a critical threat driven by cattle ranching and agriculture.,What is the main threat to the Amazon rainforest?,Earthquakes,B,0
syn_46,The human brain weighs about 1.4 kilograms and contains approximately 86 billion neurons. The cerebrum controls thinking memory and voluntary movement. The cerebellum coordinates balance. Scientists continue discovering new facts about brain information processing.,What does the cerebrum control?,Eye movement,C,0
syn_47,Solar energy converts sunlight into electrical energy using photovoltaic cells in solar panels. It is the cleanest most abundant renewable energy source. Solar costs have dropped dramatically over the past decade making it accessible worldwide.,What converts sunlight into electricity in solar panels?,Photovoltaic cells,D,1
syn_48,The Great Wall of China stretches over 21196 kilometers across northern China. It was built to protect Chinese states from northern invasions beginning as early as the 7th century BC. It remains one of the greatest architectural feats in history.,How long is the Great Wall of China?,50000 kilometers,A,0
syn_49,Photosynthesis is the process by which plants use sunlight water and carbon dioxide to produce oxygen and sugar. It takes place in chloroplasts inside plant leaves. Chlorophyll absorbs sunlight and is fundamental to all life on Earth.,Where does photosynthesis primarily take place?,In the flowers,B,0
syn_50,The Amazon rainforest is the world's largest tropical rainforest covering most of the Amazon basin. It represents over half of the planet's remaining rainforests and is home to three million species. Deforestation remains a critical threat driven by cattle ranching and agriculture.,What is the main threat to the Amazon rainforest?,Earthquakes,C,0
syn_51,The human brain weighs about 1.4 kilograms and contains approximately 86 billion neurons. The cerebrum controls thinking memory and voluntary movement. The cerebellum coordinates balance. Scientists continue discovering new facts about brain information processing.,What does the cerebrum control?,Thinking memory and voluntary movement,D,1
syn_52,Solar energy converts sunlight into electrical energy using photovoltaic cells in solar panels. It is the cleanest most abundant renewable energy source. Solar costs have dropped dramatically over the past decade making it accessible worldwide.,What converts sunlight into electricity in solar panels?,Hydroelectric dams,A,0
syn_53,The Great Wall of China stretches over 21196 kilometers across northern China. It was built to protect Chinese states from northern invasions beginning as early as the 7th century BC. It remains one of the greatest architectural feats in history.,How long is the Great Wall of China?,50000 kilometers,B,0
syn_54,Photosynthesis is the process by which plants use sunlight water and carbon dioxide to produce oxygen and sugar. It takes place in chloroplasts inside plant leaves. Chlorophyll absorbs sunlight and is fundamental to all life on Earth.,Where does photosynthesis primarily take place?,In the flowers,C,0
syn_55,The Amazon rainforest is the world's largest tropical rainforest covering most of the Amazon basin. It represents over half of the planet's remaining rainforests and is home to three million species. Deforestation remains a critical threat driven by cattle ranching and agriculture.,What is the main threat to the Amazon rainforest?,Deforestation,D,1
syn_56,The human brain weighs about 1.4 kilograms and contains approximately 86 billion neurons. The cerebrum controls thinking memory and voluntary movement. The cerebellum coordinates balance. Scientists continue discovering new facts about brain information processing.,What does the cerebrum control?,Eye movement,A,0
syn_57,Solar energy converts sunlight into electrical energy using photovoltaic cells in solar panels. It is the cleanest most abundant renewable energy source. Solar costs have dropped dramatically over the past decade making it accessible worldwide.,What converts sunlight into electricity in solar panels?,Hydroelectric dams,B,0
syn_58,The Great Wall of China stretches over 21196 kilometers across northern China. It was built to protect Chinese states from northern invasions beginning as early as the 7th century BC. It remains one of the greatest architectural feats in history.,How long is the Great Wall of China?,50000 kilometers,C,0
syn_59,Photosynthesis is the process by which plants use sunlight water and carbon dioxide to produce oxygen and sugar. It takes place in chloroplasts inside plant leaves. Chlorophyll absorbs sunlight and is fundamental to all life on Earth.,Where does photosynthesis primarily take place?,In chloroplasts inside leaves,D,1
syn_60,The Amazon rainforest is the world's largest tropical rainforest covering most of the Amazon basin. It represents over half of the planet's remaining rainforests and is home to three million species. Deforestation remains a critical threat driven by cattle ranching and agriculture.,What is the main threat to the Amazon rainforest?,Earthquakes,A,0
syn_61,The human brain weighs about 1.4 kilograms and contains approximately 86 billion neurons. The cerebrum controls thinking memory and voluntary movement. The cerebellum coordinates balance. Scientists continue discovering new facts about brain information processing.,What does the cerebrum control?,Eye movement,B,0
syn_62,Solar energy converts sunlight into electrical energy using photovoltaic cells in solar panels. It is the cleanest most abundant renewable energy source. Solar costs have dropped dramatically over the past decade making it accessible worldwide.,What converts sunlight into electricity in solar panels?,Hydroelectric dams,C,0
syn_63,The Great Wall of China stretches over 21196 kilometers across northern China. It was built to protect Chinese states from northern invasions beginning as early as the 7th century BC. It remains one of the greatest architectural feats in history.,How long is the Great Wall of China?,21196 kilometers,D,1
syn_64,Photosynthesis is the process by which plants use sunlight water and carbon dioxide to produce oxygen and sugar. It takes place in chloroplasts inside plant leaves. Chlorophyll absorbs sunlight and is fundamental to all life on Earth.,Where does photosynthesis primarily take place?,In the flowers,A,0
syn_65,The Amazon rainforest is the world's largest tropical rainforest covering most of the Amazon basin. It represents over half of the planet's remaining rainforests and is home to three million species. Deforestation remains a critical threat driven by cattle ranching and agriculture.,What is the main threat to the Amazon rainforest?,Earthquakes,B,0
syn_66,The human brain weighs about 1.4 kilograms and contains approximately 86 billion neurons. The cerebrum controls thinking memory and voluntary movement. The cerebellum coordinates balance. Scientists continue discovering new facts about brain information processing.,What does the cerebrum control?,Eye movement,C,0
syn_67,Solar energy converts sunlight into electrical energy using photovoltaic cells in solar panels. It is the cleanest most abundant renewable energy source. Solar costs have dropped dramatically over the past decade making it accessible worldwide.,What converts sunlight into electricity in solar panels?,Photovoltaic cells,D,1
syn_68,The Great Wall of China stretches over 21196 kilometers across northern China. It was built to protect Chinese states from northern invasions beginning as early as the 7th century BC. It remains one of the greatest architectural feats in history.,How long is the Great Wall of China?,50000 kilometers,A,0
syn_69,Photosynthesis is the process by which plants use sunlight water and carbon dioxide to produce oxygen and sugar. It takes place in chloroplasts inside plant leaves. Chlorophyll absorbs sunlight and is fundamental to all life on Earth.,Where does photosynthesis primarily take place?,In the flowers,B,0
syn_70,The Amazon rainforest is the world's largest tropical rainforest covering most of the Amazon basin. It represents over half of the planet's remaining rainforests and is home to three million species. Deforestation remains a critical threat driven by cattle ranching and agriculture.,What is the main threat to the Amazon rainforest?,Earthquakes,C,0
syn_71,The human brain weighs about 1.4 kilograms and contains approximately 86 billion neurons. The cerebrum controls thinking memory and voluntary movement. The cerebellum coordinates balance. Scientists continue discovering new facts about brain information processing.,What does the cerebrum control?,Thinking memory and voluntary movement,D,1
syn_72,Solar energy converts sunlight into electrical energy using photovoltaic cells in solar panels. It is the cleanest most abundant renewable energy source. Solar costs have dropped dramatically over the past decade making it accessible worldwide.,What converts sunlight into electricity in solar panels?,Hydroelectric dams,A,0
syn_73,The Great Wall of China stretches over 21196 kilometers across northern China. It was built to protect Chinese states from northern invasions beginning as early as the 7th century BC. It remains one of the greatest architectural feats in history.,How long is the Great Wall of China?,50000 kilometers,B,0
syn_74,Photosynthesis is the process by which plants use sunlight water and carbon dioxide to produce oxygen and sugar. It takes place in chloroplasts inside plant leaves. Chlorophyll absorbs sunlight and is fundamental to all life on Earth.,Where does photosynthesis primarily take place?,In the flowers,C,0
syn_75,The Amazon rainforest is the world's largest tropical rainforest covering most of the Amazon basin. It represents over half of the planet's remaining rainforests and is home to three million species. Deforestation remains a critical threat driven by cattle ranching and agriculture.,What is the main threat to the Amazon rainforest?,Deforestation,D,1
syn_76,The human brain weighs about 1.4 kilograms and contains approximately 86 billion neurons. The cerebrum controls thinking memory and voluntary movement. The cerebellum coordinates balance. Scientists continue discovering new facts about brain information processing.,What does the cerebrum control?,Eye movement,A,0
syn_77,Solar energy converts sunlight into electrical energy using photovoltaic cells in solar panels. It is the cleanest most abundant renewable energy source. Solar costs have dropped dramatically over the past decade making it accessible worldwide.,What converts sunlight into electricity in solar panels?,Hydroelectric dams,B,0
syn_78,The Great Wall of China stretches over 21196 kilometers across northern China. It was built to protect Chinese states from northern invasions beginning as early as the 7th century BC. It remains one of the greatest architectural feats in history.,How long is the Great Wall of China?,50000 kilometers,C,0
syn_79,Photosynthesis is the process by which plants use sunlight water and carbon dioxide to produce oxygen and sugar. It takes place in chloroplasts inside plant leaves. Chlorophyll absorbs sunlight and is fundamental to all life on Earth.,Where does photosynthesis primarily take place?,In chloroplasts inside leaves,D,1
syn_80,The Amazon rainforest is the world's largest tropical rainforest covering most of the Amazon basin. It represents over half of the planet's remaining rainforests and is home to three million species. Deforestation remains a critical threat driven by cattle ranching and agriculture.,What is the main threat to the Amazon rainforest?,Earthquakes,A,0
syn_81,The human brain weighs about 1.4 kilograms and contains approximately 86 billion neurons. The cerebrum controls thinking memory and voluntary movement. The cerebellum coordinates balance. Scientists continue discovering new facts about brain information processing.,What does the cerebrum control?,Eye movement,B,0
syn_82,Solar energy converts sunlight into electrical energy using photovoltaic cells in solar panels. It is the cleanest most abundant renewable energy source. Solar costs have dropped dramatically over the past decade making it accessible worldwide.,What converts sunlight into electricity in solar panels?,Hydroelectric dams,C,0
syn_83,The Great Wall of China stretches over 21196 kilometers across northern China. It was built to protect Chinese states from northern invasions beginning as early as the 7th century BC. It remains one of the greatest architectural feats in history.,How long is the Great Wall of China?,21196 kilometers,D,1
syn_84,Photosynthesis is the process by which plants use sunlight water and carbon dioxide to produce oxygen and sugar. It takes place in chloroplasts inside plant leaves. Chlorophyll absorbs sunlight and is fundamental to all life on Earth.,Where does photosynthesis primarily take place?,In the flowers,A,0
syn_85,The Amazon rainforest is the world's largest tropical rainforest covering most of the Amazon basin. It represents over half of the planet's remaining rainforests and is home to three million species. Deforestation remains a critical threat driven by cattle ranching and agriculture.,What is the main threat to the Amazon rainforest?,Earthquakes,B,0
syn_86,The human brain weighs about 1.4 kilograms and contains approximately 86 billion neurons. The cerebrum controls thinking memory and voluntary movement. The cerebellum coordinates balance. Scientists continue discovering new facts about brain information processing.,What does the cerebrum control?,Eye movement,C,0
syn_87,Solar energy converts sunlight into electrical energy using photovoltaic cells in solar panels. It is the cleanest most abundant renewable energy source. Solar costs have dropped dramatically over the past decade making it accessible worldwide.,What converts sunlight into electricity in solar panels?,Photovoltaic cells,D,1
syn_88,The Great Wall of China stretches over 21196 kilometers across northern China. It was built to protect Chinese states from northern invasions beginning as early as the 7th century BC. It remains one of the greatest architectural feats in history.,How long is the Great Wall of China?,50000 kilometers,A,0
syn_89,Photosynthesis is the process by which plants use sunlight water and carbon dioxide to produce oxygen and sugar. It takes place in chloroplasts inside plant leaves. Chlorophyll absorbs sunlight and is fundamental to all life on Earth.,Where does photosynthesis primarily take place?,In the flowers,B,0
syn_90,The Amazon rainforest is the world's largest tropical rainforest covering most of the Amazon basin. It represents over half of the planet's remaining rainforests and is home to three million species. Deforestation remains a critical threat driven by cattle ranching and agriculture.,What is the main threat to the Amazon rainforest?,Earthquakes,C,0
syn_91,The human brain weighs about 1.4 kilograms and contains approximately 86 billion neurons. The cerebrum controls thinking memory and voluntary movement. The cerebellum coordinates balance. Scientists continue discovering new facts about brain information processing.,What does the cerebrum control?,Thinking memory and voluntary movement,D,1
syn_92,Solar energy converts sunlight into electrical energy using photovoltaic cells in solar panels. It is the cleanest most abundant renewable energy source. Solar costs have dropped dramatically over the past decade making it accessible worldwide.,What converts sunlight into electricity in solar panels?,Hydroelectric dams,A,0
syn_93,The Great Wall of China stretches over 21196 kilometers across northern China. It was built to protect Chinese states from northern invasions beginning as early as the 7th century BC. It remains one of the greatest architectural feats in history.,How long is the Great Wall of China?,50000 kilometers,B,0
syn_94,Photosynthesis is the process by which plants use sunlight water and carbon dioxide to produce oxygen and sugar. It takes place in chloroplasts inside plant leaves. Chlorophyll absorbs sunlight and is fundamental to all life on Earth.,Where does photosynthesis primarily take place?,In the flowers,C,0
syn_95,The Amazon rainforest is the world's largest tropical rainforest covering most of the Amazon basin. It represents over half of the planet's remaining rainforests and is home to three million species. Deforestation remains a critical threat driven by cattle ranching and agriculture.,What is the main threat to the Amazon rainforest?,Deforestation,D,1
syn_96,The human brain weighs about 1.4 kilograms and contains approximately 86 billion neurons. The cerebrum controls thinking memory and voluntary movement. The cerebellum coordinates balance. Scientists continue discovering new facts about brain information processing.,What does the cerebrum control?,Eye movement,A,0
syn_97,Solar energy converts sunlight into electrical energy using photovoltaic cells in solar panels. It is the cleanest most abundant renewable energy source. Solar costs have dropped dramatically over the past decade making it accessible worldwide.,What converts sunlight into electricity in solar panels?,Hydroelectric dams,B,0
syn_98,The Great Wall of China stretches over 21196 kilometers across northern China. It was built to protect Chinese states from northern invasions beginning as early as the 7th century BC. It remains one of the greatest architectural feats in history.,How long is the Great Wall of China?,50000 kilometers,C,0
syn_99,Photosynthesis is the process by which plants use sunlight water and carbon dioxide to produce oxygen and sugar. It takes place in chloroplasts inside plant leaves. Chlorophyll absorbs sunlight and is fundamental to all life on Earth.,Where does photosynthesis primarily take place?,In chloroplasts inside leaves,D,1
syn_100,The Amazon rainforest is the world's largest tropical rainforest covering most of the Amazon basin. It represents over half of the planet's remaining rainforests and is home to three million species. Deforestation remains a critical threat driven by cattle ranching and agriculture.,What is the main threat to the Amazon rainforest?,Earthquakes,A,0
syn_101,The human brain weighs about 1.4 kilograms and contains approximately 86 billion neurons. The cerebrum controls thinking memory and voluntary movement. The cerebellum coordinates balance. Scientists continue discovering new facts about brain information processing.,What does the cerebrum control?,Eye movement,B,0
syn_102,Solar energy converts sunlight into electrical energy using photovoltaic cells in solar panels. It is the cleanest most abundant renewable energy source. Solar costs have dropped dramatically over the past decade making it accessible worldwide.,What converts sunlight into electricity in solar panels?,Hydroelectric dams,C,0
syn_103,The Great Wall of China stretches over 21196 kilometers across northern China. It was built to protect Chinese states from northern invasions beginning as early as the 7th century BC. It remains one of the greatest architectural feats in history.,How long is the Great Wall of China?,21196 kilometers,D,1
syn_104,Photosynthesis is the process by which plants use sunlight water and carbon dioxide to produce oxygen and sugar. It takes place in chloroplasts inside plant leaves. Chlorophyll absorbs sunlight and is fundamental to all life on Earth.,Where does photosynthesis primarily take place?,In the flowers,A,0
syn_105,The Amazon rainforest is the world's largest tropical rainforest covering most of the Amazon basin. It represents over half of the planet's remaining rainforests and is home to three million species. Deforestation remains a critical threat driven by cattle ranching and agriculture.,What is the main threat to the Amazon rainforest?,Earthquakes,B,0
syn_106,The human brain weighs about 1.4 kilograms and contains approximately 86 billion neurons. The cerebrum controls thinking memory and voluntary movement. The cerebellum coordinates balance. Scientists continue discovering new facts about brain information processing.,What does the cerebrum control?,Eye movement,C,0
syn_107,Solar energy converts sunlight into electrical energy using photovoltaic cells in solar panels. It is the cleanest most abundant renewable energy source. Solar costs have dropped dramatically over the past decade making it accessible worldwide.,What converts sunlight into electricity in solar panels?,Photovoltaic cells,D,1
syn_108,The Great Wall of China stretches over 21196 kilometers across northern China. It was built to protect Chinese states from northern invasions beginning as early as the 7th century BC. It remains one of the greatest architectural feats in history.,How long is the Great Wall of China?,50000 kilometers,A,0
syn_109,Photosynthesis is the process by which plants use sunlight water and carbon dioxide to produce oxygen and sugar. It takes place in chloroplasts inside plant leaves. Chlorophyll absorbs sunlight and is fundamental to all life on Earth.,Where does photosynthesis primarily take place?,In the flowers,B,0
syn_110,The Amazon rainforest is the world's largest tropical rainforest covering most of the Amazon basin. It represents over half of the planet's remaining rainforests and is home to three million species. Deforestation remains a critical threat driven by cattle ranching and agriculture.,What is the main threat to the Amazon rainforest?,Earthquakes,C,0
syn_111,The human brain weighs about 1.4 kilograms and contains approximately 86 billion neurons. The cerebrum controls thinking memory and voluntary movement. The cerebellum coordinates balance. Scientists continue discovering new facts about brain information processing.,What does the cerebrum control?,Thinking memory and voluntary movement,D,1
syn_112,Solar energy converts sunlight into electrical energy using photovoltaic cells in solar panels. It is the cleanest most abundant renewable energy source. Solar costs have dropped dramatically over the past decade making it accessible worldwide.,What converts sunlight into electricity in solar panels?,Hydroelectric dams,A,0
syn_113,The Great Wall of China stretches over 21196 kilometers across northern China. It was built to protect Chinese states from northern invasions beginning as early as the 7th century BC. It remains one of the greatest architectural feats in history.,How long is the Great Wall of China?,50000 kilometers,B,0
syn_114,Photosynthesis is the process by which plants use sunlight water and carbon dioxide to produce oxygen and sugar. It takes place in chloroplasts inside plant leaves. Chlorophyll absorbs sunlight and is fundamental to all life on Earth.,Where does photosynthesis primarily take place?,In the flowers,C,0
syn_115,The Amazon rainforest is the world's largest tropical rainforest covering most of the Amazon basin. It represents over half of the planet's remaining rainforests and is home to three million species. Deforestation remains a critical threat driven by cattle ranching and agriculture.,What is the main threat to the Amazon rainforest?,Deforestation,D,1
syn_116,The human brain weighs about 1.4 kilograms and contains approximately 86 billion neurons. The cerebrum controls thinking memory and voluntary movement. The cerebellum coordinates balance. Scientists continue discovering new facts about brain information processing.,What does the cerebrum control?,Eye movement,A,0
syn_117,Solar energy converts sunlight into electrical energy using photovoltaic cells in solar panels. It is the cleanest most abundant renewable energy source. Solar costs have dropped dramatically over the past decade making it accessible worldwide.,What converts sunlight into electricity in solar panels?,Hydroelectric dams,B,0
syn_118,The Great Wall of China stretches over 21196 kilometers across northern China. It was built to protect Chinese states from northern invasions beginning as early as the 7th century BC. It remains one of the greatest architectural feats in history.,How long is the Great Wall of China?,50000 kilometers,C,0
syn_119,Photosynthesis is the process by which plants use sunlight water and carbon dioxide to produce oxygen and sugar. It takes place in chloroplasts inside plant leaves. Chlorophyll absorbs sunlight and is fundamental to all life on Earth.,Where does photosynthesis primarily take place?,In chloroplasts inside leaves,D,1
syn_120,The Amazon rainforest is the world's largest tropical rainforest covering most of the Amazon basin. It represents over half of the planet's remaining rainforests and is home to three million species. Deforestation remains a critical threat driven by cattle ranching and agriculture.,What is the main threat to the Amazon rainforest?,Earthquakes,A,0
syn_121,The human brain weighs about 1.4 kilograms and contains approximately 86 billion neurons. The cerebrum controls thinking memory and voluntary movement. The cerebellum coordinates balance. Scientists continue discovering new facts about brain information processing.,What does the cerebrum control?,Eye movement,B,0
syn_122,Solar energy converts sunlight into electrical energy using photovoltaic cells in solar panels. It is the cleanest most abundant renewable energy source. Solar costs have dropped dramatically over the past decade making it accessible worldwide.,What converts sunlight into electricity in solar panels?,Hydroelectric dams,C,0
syn_123,The Great Wall of China stretches over 21196 kilometers across northern China. It was built to protect Chinese states from northern invasions beginning as early as the 7th century BC. It remains one of the greatest architectural feats in history.,How long is the Great Wall of China?,21196 kilometers,D,1
syn_124,Photosynthesis is the process by which plants use sunlight water and carbon dioxide to produce oxygen and sugar. It takes place in chloroplasts inside plant leaves. Chlorophyll absorbs sunlight and is fundamental to all life on Earth.,Where does photosynthesis primarily take place?,In the flowers,A,0
syn_125,The Amazon rainforest is the world's largest tropical rainforest covering most of the Amazon basin. It represents over half of the planet's remaining rainforests and is home to three million species. Deforestation remains a critical threat driven by cattle ranching and agriculture.,What is the main threat to the Amazon rainforest?,Earthquakes,B,0
syn_126,The human brain weighs about 1.4 kilograms and contains approximately 86 billion neurons. The cerebrum controls thinking memory and voluntary movement. The cerebellum coordinates balance. Scientists continue discovering new facts about brain information processing.,What does the cerebrum control?,Eye movement,C,0
syn_127,Solar energy converts sunlight into electrical energy using photovoltaic cells in solar panels. It is the cleanest most abundant renewable energy source. Solar costs have dropped dramatically over the past decade making it accessible worldwide.,What converts sunlight into electricity in solar panels?,Photovoltaic cells,D,1
syn_128,The Great Wall of China stretches over 21196 kilometers across northern China. It was built to protect Chinese states from northern invasions beginning as early as the 7th century BC. It remains one of the greatest architectural feats in history.,How long is the Great Wall of China?,50000 kilometers,A,0
syn_129,Photosynthesis is the process by which plants use sunlight water and carbon dioxide to produce oxygen and sugar. It takes place in chloroplasts inside plant leaves. Chlorophyll absorbs sunlight and is fundamental to all life on Earth.,Where does photosynthesis primarily take place?,In the flowers,B,0
syn_130,The Amazon rainforest is the world's largest tropical rainforest covering most of the Amazon basin. It represents over half of the planet's remaining rainforests and is home to three million species. Deforestation remains a critical threat driven by cattle ranching and agriculture.,What is the main threat to the Amazon rainforest?,Earthquakes,C,0
syn_131,The human brain weighs about 1.4 kilograms and contains approximately 86 billion neurons. The cerebrum controls thinking memory and voluntary movement. The cerebellum coordinates balance. Scientists continue discovering new facts about brain information processing.,What does the cerebrum control?,Thinking memory and voluntary movement,D,1
syn_132,Solar energy converts sunlight into electrical energy using photovoltaic cells in solar panels. It is the cleanest most abundant renewable energy source. Solar costs have dropped dramatically over the past decade making it accessible worldwide.,What converts sunlight into electricity in solar panels?,Hydroelectric dams,A,0
syn_133,The Great Wall of China stretches over 21196 kilometers across northern China. It was built to protect Chinese states from northern invasions beginning as early as the 7th century BC. It remains one of the greatest architectural feats in history.,How long is the Great Wall of China?,50000 kilometers,B,0
syn_134,Photosynthesis is the process by which plants use sunlight water and carbon dioxide to produce oxygen and sugar. It takes place in chloroplasts inside plant leaves. Chlorophyll absorbs sunlight and is fundamental to all life on Earth.,Where does photosynthesis primarily take place?,In the flowers,C,0
syn_135,The Amazon rainforest is the world's largest tropical rainforest covering most of the Amazon basin. It represents over half of the planet's remaining rainforests and is home to three million species. Deforestation remains a critical threat driven by cattle ranching and agriculture.,What is the main threat to the Amazon rainforest?,Deforestation,D,1
syn_136,The human brain weighs about 1.4 kilograms and contains approximately 86 billion neurons. The cerebrum controls thinking memory and voluntary movement. The cerebellum coordinates balance. Scientists continue discovering new facts about brain information processing.,What does the cerebrum control?,Eye movement,A,0
syn_137,Solar energy converts sunlight into electrical energy using photovoltaic cells in solar panels. It is the cleanest most abundant renewable energy source. Solar costs have dropped dramatically over the past decade making it accessible worldwide.,What converts sunlight into electricity in solar panels?,Hydroelectric dams,B,0
syn_138,The Great Wall of China stretches over 21196 kilometers across northern China. It was built to protect Chinese states from northern invasions beginning as early as the 7th century BC. It remains one of the greatest architectural feats in history.,How long is the Great Wall of China?,50000 kilometers,C,0
syn_139,Photosynthesis is the process by which plants use sunlight water and carbon dioxide to produce oxygen and sugar. It takes place in chloroplasts inside plant leaves. Chlorophyll absorbs sunlight and is fundamental to all life on Earth.,Where does photosynthesis primarily take place?,In chloroplasts inside leaves,D,1
syn_140,The Amazon rainforest is the world's largest tropical rainforest covering most of the Amazon basin. It represents over half of the planet's remaining rainforests and is home to three million species. Deforestation remains a critical threat driven by cattle ranching and agriculture.,What is the main threat to the Amazon rainforest?,Earthquakes,A,0
syn_141,The human brain weighs about 1.4 kilograms and contains approximately 86 billion neurons. The cerebrum controls thinking memory and voluntary movement. The cerebellum coordinates balance. Scientists continue discovering new facts about brain information processing.,What does the cerebrum control?,Eye movement,B,0
syn_142,Solar energy converts sunlight into electrical energy using photovoltaic cells in solar panels. It is the cleanest most abundant renewable energy source. Solar costs have dropped dramatically over the past decade making it accessible worldwide.,What converts sunlight into electricity in solar panels?,Hydroelectric dams,C,0
syn_143,The Great Wall of China stretches over 21196 kilometers across northern China. It was built to protect Chinese states from northern invasions beginning as early as the 7th century BC. It remains one of the greatest architectural feats in history.,How long is the Great Wall of China?,21196 kilometers,D,1
syn_144,Photosynthesis is the process by which plants use sunlight water and carbon dioxide to produce oxygen and sugar. It takes place in chloroplasts inside plant leaves. Chlorophyll absorbs sunlight and is fundamental to all life on Earth.,Where does photosynthesis primarily take place?,In the flowers,A,0
syn_145,The Amazon rainforest is the world's largest tropical rainforest covering most of the Amazon basin. It represents over half of the planet's remaining rainforests and is home to three million species. Deforestation remains a critical threat driven by cattle ranching and agriculture.,What is the main threat to the Amazon rainforest?,Earthquakes,B,0
syn_146,The human brain weighs about 1.4 kilograms and contains approximately 86 billion neurons. The cerebrum controls thinking memory and voluntary movement. The cerebellum coordinates balance. Scientists continue discovering new facts about brain information processing.,What does the cerebrum control?,Eye movement,C,0
syn_147,Solar energy converts sunlight into electrical energy using photovoltaic cells in solar panels. It is the cleanest most abundant renewable energy source. Solar costs have dropped dramatically over the past decade making it accessible worldwide.,What converts sunlight into electricity in solar panels?,Photovoltaic cells,D,1
syn_148,The Great Wall of China stretches over 21196 kilometers across northern China. It was built to protect Chinese states from northern invasions beginning as early as the 7th century BC. It remains one of the greatest architectural feats in history.,How long is the Great Wall of China?,50000 kilometers,A,0
syn_149,Photosynthesis is the process by which plants use sunlight water and carbon dioxide to produce oxygen and sugar. It takes place in chloroplasts inside plant leaves. Chlorophyll absorbs sunlight and is fundamental to all life on Earth.,Where does photosynthesis primarily take place?,In the flowers,B,0
syn_150,The Amazon rainforest is the world's largest tropical rainforest covering most of the Amazon basin. It represents over half of the planet's remaining rainforests and is home to three million species. Deforestation remains a critical threat driven by cattle ranching and agriculture.,What is the main threat to the Amazon rainforest?,Earthquakes,C,0
syn_151,The human brain weighs about 1.4 kilograms and contains approximately 86 billion neurons. The cerebrum controls thinking memory and voluntary movement. The cerebellum coordinates balance. Scientists continue discovering new facts about brain information processing.,What does the cerebrum control?,Thinking memory and voluntary movement,D,1
syn_152,Solar energy converts sunlight into electrical energy using photovoltaic cells in solar panels. It is the cleanest most abundant renewable energy source. Solar costs have dropped dramatically over the past decade making it accessible worldwide.,What converts sunlight into electricity in solar panels?,Hydroelectric dams,A,0
syn_153,The Great Wall of China stretches over 21196 kilometers across northern China. It was built to protect Chinese states from northern invasions beginning as early as the 7th century BC. It remains one of the greatest architectural feats in history.,How long is the Great Wall of China?,50000 kilometers,B,0
syn_154,Photosynthesis is the process by which plants use sunlight water and carbon dioxide to produce oxygen and sugar. It takes place in chloroplasts inside plant leaves. Chlorophyll absorbs sunlight and is fundamental to all life on Earth.,Where does photosynthesis primarily take place?,In the flowers,C,0
syn_155,The Amazon rainforest is the world's largest tropical rainforest covering most of the Amazon basin. It represents over half of the planet's remaining rainforests and is home to three million species. Deforestation remains a critical threat driven by cattle ranching and agriculture.,What is the main threat to the Amazon rainforest?,Deforestation,D,1
syn_156,The human brain weighs about 1.4 kilograms and contains approximately 86 billion neurons. The cerebrum controls thinking memory and voluntary movement. The cerebellum coordinates balance. Scientists continue discovering new facts about brain information processing.,What does the cerebrum control?,Eye movement,A,0
syn_157,Solar energy converts sunlight into electrical energy using photovoltaic cells in solar panels. It is the cleanest most abundant renewable energy source. Solar costs have dropped dramatically over the past decade making it accessible worldwide.,What converts sunlight into electricity in solar panels?,Hydroelectric dams,B,0
syn_158,The Great Wall of China stretches over 21196 kilometers across northern China. It was built to protect Chinese states from northern invasions beginning as early as the 7th century BC. It remains one of the greatest architectural feats in history.,How long is the Great Wall of China?,50000 kilometers,C,0
syn_159,Photosynthesis is the process by which plants use sunlight water and carbon dioxide to produce oxygen and sugar. It takes place in chloroplasts inside plant leaves. Chlorophyll absorbs sunlight and is fundamental to all life on Earth.,Where does photosynthesis primarily take place?,In chloroplasts inside leaves,D,1
syn_160,The Amazon rainforest is the world's largest tropical rainforest covering most of the Amazon basin. It represents over half of the planet's remaining rainforests and is home to three million species. Deforestation remains a critical threat driven by cattle ranching and agriculture.,What is the main threat to the Amazon rainforest?,Earthquakes,A,0
syn_161,The human brain weighs about 1.4 kilograms and contains approximately 86 billion neurons. The cerebrum controls thinking memory and voluntary movement. The cerebellum coordinates balance. Scientists continue discovering new facts about brain information processing.,What does the cerebrum control?,Eye movement,B,0
syn_162,Solar energy converts sunlight into electrical energy using photovoltaic cells in solar panels. It is the cleanest most abundant renewable energy source. Solar costs have dropped dramatically over the past decade making it accessible worldwide.,What converts sunlight into electricity in solar panels?,Hydroelectric dams,C,0
syn_163,The Great Wall of China stretches over 21196 kilometers across northern China. It was built to protect Chinese states from northern invasions beginning as early as the 7th century BC. It remains one of the greatest architectural feats in history.,How long is the Great Wall of China?,21196 kilometers,D,1
syn_164,Photosynthesis is the process by which plants use sunlight water and carbon dioxide to produce oxygen and sugar. It takes place in chloroplasts inside plant leaves. Chlorophyll absorbs sunlight and is fundamental to all life on Earth.,Where does photosynthesis primarily take place?,In the flowers,A,0
syn_165,The Amazon rainforest is the world's largest tropical rainforest covering most of the Amazon basin. It represents over half of the planet's remaining rainforests and is home to three million species. Deforestation remains a critical threat driven by cattle ranching and agriculture.,What is the main threat to the Amazon rainforest?,Earthquakes,B,0
syn_166,The human brain weighs about 1.4 kilograms and contains approximately 86 billion neurons. The cerebrum controls thinking memory and voluntary movement. The cerebellum coordinates balance. Scientists continue discovering new facts about brain information processing.,What does the cerebrum control?,Eye movement,C,0
syn_167,Solar energy converts sunlight into electrical energy using photovoltaic cells in solar panels. It is the cleanest most abundant renewable energy source. Solar costs have dropped dramatically over the past decade making it accessible worldwide.,What converts sunlight into electricity in solar panels?,Photovoltaic cells,D,1
syn_168,The Great Wall of China stretches over 21196 kilometers across northern China. It was built to protect Chinese states from northern invasions beginning as early as the 7th century BC. It remains one of the greatest architectural feats in history.,How long is the Great Wall of China?,50000 kilometers,A,0
syn_169,Photosynthesis is the process by which plants use sunlight water and carbon dioxide to produce oxygen and sugar. It takes place in chloroplasts inside plant leaves. Chlorophyll absorbs sunlight and is fundamental to all life on Earth.,Where does photosynthesis primarily take place?,In the flowers,B,0
syn_170,The Amazon rainforest is the world's largest tropical rainforest covering most of the Amazon basin. It represents over half of the planet's remaining rainforests and is home to three million species. Deforestation remains a critical threat driven by cattle ranching and agriculture.,What is the main threat to the Amazon rainforest?,Earthquakes,C,0
syn_171,The human brain weighs about 1.4 kilograms and contains approximately 86 billion neurons. The cerebrum controls thinking memory and voluntary movement. The cerebellum coordinates balance. Scientists continue discovering new facts about brain information processing.,What does the cerebrum control?,Thinking memory and voluntary movement,D,1
syn_172,Solar energy converts sunlight into electrical energy using photovoltaic cells in solar panels. It is the cleanest most abundant renewable energy source. Solar costs have dropped dramatically over the past decade making it accessible worldwide.,What converts sunlight into electricity in solar panels?,Hydroelectric dams,A,0
syn_173,The Great Wall of China stretches over 21196 kilometers across northern China. It was built to protect Chinese states from northern invasions beginning as early as the 7th century BC. It remains one of the greatest architectural feats in history.,How long is the Great Wall of China?,50000 kilometers,B,0
syn_174,Photosynthesis is the process by which plants use sunlight water and carbon dioxide to produce oxygen and sugar. It takes place in chloroplasts inside plant leaves. Chlorophyll absorbs sunlight and is fundamental to all life on Earth.,Where does photosynthesis primarily take place?,In the flowers,C,0
syn_175,The Amazon rainforest is the world's largest tropical rainforest covering most of the Amazon basin. It represents over half of the planet's remaining rainforests and is home to three million species. Deforestation remains a critical threat driven by cattle ranching and agriculture.,What is the main threat to the Amazon rainforest?,Deforestation,D,1
syn_176,The human brain weighs about 1.4 kilograms and contains approximately 86 billion neurons. The cerebrum controls thinking memory and voluntary movement. The cerebellum coordinates balance. Scientists continue discovering new facts about brain information processing.,What does the cerebrum control?,Eye movement,A,0
syn_177,Solar energy converts sunlight into electrical energy using photovoltaic cells in solar panels. It is the cleanest most abundant renewable energy source. Solar costs have dropped dramatically over the past decade making it accessible worldwide.,What converts sunlight into electricity in solar panels?,Hydroelectric dams,B,0
syn_178,The Great Wall of China stretches over 21196 kilometers across northern China. It was built to protect Chinese states from northern invasions beginning as early as the 7th century BC. It remains one of the greatest architectural feats in history.,How long is the Great Wall of China?,50000 kilometers,C,0
syn_179,Photosynthesis is the process by which plants use sunlight water and carbon dioxide to produce oxygen and sugar. It takes place in chloroplasts inside plant leaves. Chlorophyll absorbs sunlight and is fundamental to all life on Earth.,Where does photosynthesis primarily take place?,In chloroplasts inside leaves,D,1
syn_180,The Amazon rainforest is the world's largest tropical rainforest covering most of the Amazon basin. It represents over half of the planet's remaining rainforests and is home to three million species. Deforestation remains a critical threat driven by cattle ranching and agriculture.,What is the main threat to the Amazon rainforest?,Earthquakes,A,0
syn_181,The human brain weighs about 1.4 kilograms and contains approximately 86 billion neurons. The cerebrum controls thinking memory and voluntary movement. The cerebellum coordinates balance. Scientists continue discovering new facts about brain information processing.,What does the cerebrum control?,Eye movement,B,0
syn_182,Solar energy converts sunlight into electrical energy using photovoltaic cells in solar panels. It is the cleanest most abundant renewable energy source. Solar costs have dropped dramatically over the past decade making it accessible worldwide.,What converts sunlight into electricity in solar panels?,Hydroelectric dams,C,0
syn_183,The Great Wall of China stretches over 21196 kilometers across northern China. It was built to protect Chinese states from northern invasions beginning as early as the 7th century BC. It remains one of the greatest architectural feats in history.,How long is the Great Wall of China?,21196 kilometers,D,1
syn_184,Photosynthesis is the process by which plants use sunlight water and carbon dioxide to produce oxygen and sugar. It takes place in chloroplasts inside plant leaves. Chlorophyll absorbs sunlight and is fundamental to all life on Earth.,Where does photosynthesis primarily take place?,In the flowers,A,0
syn_185,The Amazon rainforest is the world's largest tropical rainforest covering most of the Amazon basin. It represents over half of the planet's remaining rainforests and is home to three million species. Deforestation remains a critical threat driven by cattle ranching and agriculture.,What is the main threat to the Amazon rainforest?,Earthquakes,B,0
syn_186,The human brain weighs about 1.4 kilograms and contains approximately 86 billion neurons. The cerebrum controls thinking memory and voluntary movement. The cerebellum coordinates balance. Scientists continue discovering new facts about brain information processing.,What does the cerebrum control?,Eye movement,C,0
syn_187,Solar energy converts sunlight into electrical energy using photovoltaic cells in solar panels. It is the cleanest most abundant renewable energy source. Solar costs have dropped dramatically over the past decade making it accessible worldwide.,What converts sunlight into electricity in solar panels?,Photovoltaic cells,D,1
syn_188,The Great Wall of China stretches over 21196 kilometers across northern China. It was built to protect Chinese states from northern invasions beginning as early as the 7th century BC. It remains one of the greatest architectural feats in history.,How long is the Great Wall of China?,50000 kilometers,A,0
syn_189,Photosynthesis is the process by which plants use sunlight water and carbon dioxide to produce oxygen and sugar. It takes place in chloroplasts inside plant leaves. Chlorophyll absorbs sunlight and is fundamental to all life on Earth.,Where does photosynthesis primarily take place?,In the flowers,B,0
syn_190,The Amazon rainforest is the world's largest tropical rainforest covering most of the Amazon basin. It represents over half of the planet's remaining rainforests and is home to three million species. Deforestation remains a critical threat driven by cattle ranching and agriculture.,What is the main threat to the Amazon rainforest?,Earthquakes,C,0
syn_191,The human brain weighs about 1.4 kilograms and contains approximately 86 billion neurons. The cerebrum controls thinking memory and voluntary movement. The cerebellum coordinates balance. Scientists continue discovering new facts about brain information processing.,What does the cerebrum control?,Thinking memory and voluntary movement,D,1
syn_192,Solar energy converts sunlight into electrical energy using photovoltaic cells in solar panels. It is the cleanest most abundant renewable energy source. Solar costs have dropped dramatically over the past decade making it accessible worldwide.,What converts sunlight into electricity in solar panels?,Hydroelectric dams,A,0
syn_193,The Great Wall of China stretches over 21196 kilometers across northern China. It was built to protect Chinese states from northern invasions beginning as early as the 7th century BC. It remains one of the greatest architectural feats in history.,How long is the Great Wall of China?,50000 kilometers,B,0
syn_194,Photosynthesis is the process by which plants use sunlight water and carbon dioxide to produce oxygen and sugar. It takes place in chloroplasts inside plant leaves. Chlorophyll absorbs sunlight and is fundamental to all life on Earth.,Where does photosynthesis primarily take place?,In the flowers,C,0
syn_195,The Amazon rainforest is the world's largest tropical rainforest covering most of the Amazon basin. It represents over half of the planet's remaining rainforests and is home to three million species. Deforestation remains a critical threat driven by cattle ranching and agriculture.,What is the main threat to the Amazon rainforest?,Deforestation,D,1
syn_196,The human brain weighs about 1.4 kilograms and contains approximately 86 billion neurons. The cerebrum controls thinking memory and voluntary movement. The cerebellum coordinates balance. Scientists continue discovering new facts about brain information processing.,What does the cerebrum control?,Eye movement,A,0
syn_197,Solar energy converts sunlight into electrical energy using photovoltaic cells in solar panels. It is the cleanest most abundant renewable energy source. Solar costs have dropped dramatically over the past decade making it accessible worldwide.,What converts sunlight into electricity in solar panels?,Hydroelectric dams,B,0
syn_198,The Great Wall of China stretches over 21196 kilometers across northern China. It was built to protect Chinese states from northern invasions beginning as early as the 7th century BC. It remains one of the greatest architectural feats in history.,How long is the Great Wall of China?,50000 kilometers,C,0
syn_199,Photosynthesis is the process by which plants use sunlight water and carbon dioxide to produce oxygen and sugar. It takes place in chloroplasts inside plant leaves. Chlorophyll absorbs sunlight and is fundamental to all life on Earth.,Where does photosynthesis primarily take place?,In chloroplasts inside leaves,D,1
